,0,1,2,3,4,5,6,7,8,9,10,11,12,13,14,15,16,17,18,19
丹頂　千歳鶴,丹頂,千歳,鶴,,,,,,,,,,,,,,,,,
港まつり,港,まつり,,,,,,,,,,,,,,,,,,
函館日日新聞社,函館,日日,新聞,社,,,,,,,,,,,,,,,,
婦女界,婦女,界,,,,,,,,,,,,,,,,,,
長編講談,長編,講談,,,,,,,,,,,,,,,,,,
岩波講座　日本文学,岩波,講座,日本,文学,,,,,,,,,,,,,,,,
婦人世界,婦人,世界,,,,,,,,,,,,,,,,,,
少女の友,少女,友,,,,,,,,,,,,,,,,,,
日本少年,日本,少年,,,,,,,,,,,,,,,,,,
さっぽろ,さっぽろ,,,,,,,,,,,,,,,,,,,
岩橋英遠展,岩橋,英遠,展,,,,,,,,,,,,,,,,,
松前,松前,,,,,,,,,,,,,,,,,,,
松前,松前,,,,,,,,,,,,,,,,,,,
恐山（国鉄周遊指定地）と薬研温泉,恐山,国鉄,周遊,指定,地,薬研,温泉,,,,,,,,,,,,,
松前,松前,,,,,,,,,,,,,,,,,,,
松前,松前,,,,,,,,,,,,,,,,,,,
松前,松前,,,,,,,,,,,,,,,,,,,
松前,松前,,,,,,,,,,,,,,,,,,,
松前,松前,,,,,,,,,,,,,,,,,,,
オリンピック東京大会,オリンピック,東京,大会,,,,,,,,,,,,,,,,,
京都へ,京都,,,,,,,,,,,,,,,,,,,
北海道立美術館　1971,北海道,立,美術,館,,,,,,,,,,,,,,,,
北海道立近代美術館,北海道,立,近代,美術,館,,,,,,,,,,,,,,,
北海道立三岸好太郎美術館,北海道,立,三岸,好太郎,美術,館,,,,,,,,,,,,,,
フランス美術《栄光の300年》,フランス,美術,栄光,,,,,,,,,,,,,,,,,
第9回国民体育大会,国民,体育,大会,,,,,,,,,,,,,,,,,
たくぎんの1969年カレンダー,たくぎん,カレンダー,,,,,,,,,,,,,,,,,,
第9回　国体ラグビー,国体,ラグビー,,,,,,,,,,,,,,,,,,
スキーと冬山の写真展,スキー,冬山,写真,展,,,,,,,,,,,,,,,,
第9回　国体卓球,国体,卓球,,,,,,,,,,,,,,,,,,
国体宝くじ,国体,宝くじ,,,,,,,,,,,,,,,,,,
暮らしの中に光を…貯蓄,暮らし,中,光,貯蓄,,,,,,,,,,,,,,,,
第17回函館山市民ハイキング大会,函館,山,市民,ハイキング,大会,,,,,,,,,,,,,,,
謹告,謹告,,,,,,,,,,,,,,,,,,,
港まつり,港,まつり,,,,,,,,,,,,,,,,,,
港まつり,港,まつり,,,,,,,,,,,,,,,,,,
ペリー来航100年記念　港まつり,ペリー,来航,記念,港,まつり,,,,,,,,,,,,,,,
中村善策展,中村,善策,展,,,,,,,,,,,,,,,,,
国画会　渋谷円吉油絵個展,国画,会,渋谷,円吉,油絵,個展,,,,,,,,,,,,,,
EXPO’70 日本万国博,EXPO,日本,万国,博,,,,,,,,,,,,,,,,
国策のグラフ　写真週報　国策のパンフレット　週報,国策,グラフ,写真,週報,国策,パンフレット,週報,,,,,,,,,,,,,
校註　日本文学大系校註　国歌大系近代　日本文学大系,校,註,日本,文学,大系,校,註,国歌,大系,近代,日本,文学,大系,,,,,,,
国策のグラフ　写真週報,国策,グラフ,写真,週報,,,,,,,,,,,,,,,,
講談倶楽部新年号,講談,倶楽部,新年,号,,,,,,,,,,,,,,,,
訳註　初等　英文世界名著全集　全十五巻,訳註,初等,英文,世界,名著,全集,巻,,,,,,,,,,,,,
民間放送20周年記念　民放のイメージを標語に,民間,放送,記念,民放,イメージ,標語,,,,,,,,,,,,,,
みんなが貯蓄　住みよい社会,みんな,貯蓄,社会,,,,,,,,,,,,,,,,,
お宅にも郵便受けを,郵便,,,,,,,,,,,,,,,,,,,
第2回市民劇場準特別公演,市民,劇場,公演,,,,,,,,,,,,,,,,,
世界の巨匠　葛飾北斎展,世界,巨匠,葛飾,北斎,展,,,,,,,,,,,,,,,
貯蓄増強10月特別運動　明るい家庭　希望の夢は貯蓄から,貯蓄,増強,運動,家庭,希望,夢,貯蓄,,,,,,,,,,,,,
国民年金に加入しよう,国民,年金,加入,,,,,,,,,,,,,,,,,
文芸春秋　文化講演会,文芸,春秋,文化,講演,会,,,,,,,,,,,,,,,
お子さまの夢を育てましょう,子,さま,夢,,,,,,,,,,,,,,,,,
第6回　北海道秀作美術展,北海道,秀作,美術,展,,,,,,,,,,,,,,,,
函館信用金庫　CALENDAR 1970,函館,信用,金庫,CALENDAR,,,,,,,,,,,,,,,,
’73　白楊祭,白楊,祭,,,,,,,,,,,,,,,,,,
第11回北海道人形劇フェスティバル,北海道,人形,劇,フェスティバル,,,,,,,,,,,,,,,,
うれしい便り大切な手紙みんな郵便受けで,便り,手紙,みんな,郵便,,,,,,,,,,,,,,,,
利子の引きあげ,利子,,,,,,,,,,,,,,,,,,,
第9回海洋少年団北海道大会,海洋,少年,団,北海道,大会,,,,,,,,,,,,,,,
アポロのようにスピーディで確実な郵便のおとどけ郵便番号がそれをお約束します,アポロ,郵便,郵便,番号,約束,,,,,,,,,,,,,,,
夏のレジャーは忍路へ,夏,レジャー,忍路,,,,,,,,,,,,,,,,,
宿泊施設ご案内,宿泊,施設,案内,,,,,,,,,,,,,,,,,
さくらと史蹟の名所　松前,さくら,史蹟,名所,松前,,,,,,,,,,,,,,,,
きれいな海のきれいな魚,海,魚,,,,,,,,,,,,,,,,,,
近代詩歌展《その三》　明治・大正の詩人たち,近代,詩歌,展,明治,大正,詩人,たち,,,,,,,,,,,,,
まりもを故郷え　代りに素晴らしい人造まりもが生れました,まりも,故郷,代り,人造,まりも,,,,,,,,,,,,,,,
マリモを大切に…,マリモ,,,,,,,,,,,,,,,,,,,
The Tokyo Nichi=Nichi,The,Tokyo,Nichi,Nichi,,,,,,,,,,,,,,,,
日清汽船株式会社,日清,汽船,株式,会社,,,,,,,,,,,,,,,,
足利本銘仙,足利,銘仙,,,,,,,,,,,,,,,,,,
婦人公論　9月号,婦人,公論,号,,,,,,,,,,,,,,,,,
ヴエス軍作画展,ヴエス,軍,作画,展,,,,,,,,,,,,,,,,
ヘレンケラー女史大衆講演会,ヘレン,ケラー,女史,大衆,講演,会,,,,,,,,,,,,,,
天間正五朗　前田政雄　版画展,天間,正五,朗,前田,政雄,版画,展,,,,,,,,,,,,,
岡田紅陽作品　四季の富士写真展覧会,岡田,紅陽,作品,四季,富士,写真,展覧,会,,,,,,,,,,,,
前田政雄個人版画展覧会,前田,政雄,個人,版画,展覧,会,,,,,,,,,,,,,,
第三回　彩人社洋画展,彩人,社,洋画,展,,,,,,,,,,,,,,,,
第三回　函館市内中等学校　雄弁大会,函館,市,内,中等,学校,雄弁,大会,,,,,,,,,,,,,
知学　田中巴之助先生特別大講演会,知,学,田中,巴,先生,講演,会,,,,,,,,,,,,,
日本聖公会組織四十年記念　基督教講演会,日本,公会,組織,記念,基督,教,講演,会,,,,,,,,,,,,
医学智識普及後援会,医学,智識,普及,後援,会,,,,,,,,,,,,,,,
コドモの会,コドモ,会,,,,,,,,,,,,,,,,,,
塗料智識普及宣博,塗料,智識,普及,宣博,,,,,,,,,,,,,,,,
五稜郭懐旧館は,五稜郭,懐旧,館,,,,,,,,,,,,,,,,,
COMMERCIAL SHOW ROOM,COMMERCIAL,SHOW,ROOM,,,,,,,,,,,,,,,,,
函館青森間貨車航送記念共進会,函館,青森,間,貨車,航,記念,共進,会,,,,,,,,,,,,
福引,福引,,,,,,,,,,,,,,,,,,,
北海道畜産産馬共進会,北海道,畜産,産,馬,共進,会,,,,,,,,,,,,,,
岩手県物産共進会,岩手,県,物産,共進,会,,,,,,,,,,,,,,,
第十五回　全国特産品博覧会,全国,特産,品,博覧,会,,,,,,,,,,,,,,,
第十回全国特産品　博覧会開設,全国,特産,品,博覧,会,開設,,,,,,,,,,,,,,
教育博覧会,教育,博覧,会,,,,,,,,,,,,,,,,,
御聖徳景仰　明治大帝御一代展覧会,聖徳,景仰,明治,大帝,展覧,会,,,,,,,,,,,,,,
大名古屋土地博覧会,名古屋,土地,博覧,会,,,,,,,,,,,,,,,,
国産振興　北海道拓殖博覧会,国産,振興,北海道,拓殖,博覧,会,,,,,,,,,,,,,,
函館商品陳列館,函館,商品,陳列,館,,,,,,,,,,,,,,,,
奥羽六県連合馬匹共進会,奥,羽,県,連合,馬匹,共進,会,,,,,,,,,,,,,
全国優良土産品及包装紙展覧会,全国,土産,品,包装,紙,展覧,会,,,,,,,,,,,,,
メートルとサイズ展覧会,メートル,サイズ,展覧,会,,,,,,,,,,,,,,,,
国防と産業大博覧会,国防,産業,博覧,会,,,,,,,,,,,,,,,,
満蒙資源館,満蒙,資源,館,,,,,,,,,,,,,,,,,
紀元二千六百年記念　昭和十五年開催　日本万国博覧会,紀元,記念,昭和,開催,日本,万国,博覧,会,,,,,,,,,,,,
日満産業大博覧会,日満,産業,博覧,会,,,,,,,,,,,,,,,,
北海道大博覧会,北海道,大,博覧,会,,,,,,,,,,,,,,,,
名古屋汎太平洋平和博覧会,名古屋,太平洋,平和,博覧,会,,,,,,,,,,,,,,,
御大典奉祝名古屋博覧会,大典,奉祝,名古屋,博覧,会,,,,,,,,,,,,,,,
全国観光地土産品展示会・全国水産製品展示会,全国,観光,地,土産,品,展示,会,全国,水産,製品,展示,会,,,,,,,,
全国特産品博覧会,全国,特産,品,博覧,会,,,,,,,,,,,,,,,
躍進日本大博覧会,躍進,日本,大,博覧,会,,,,,,,,,,,,,,,
意匠商標品展覧会,意匠,商標,品,展覧,会,,,,,,,,,,,,,,,
防空展覧会,防空,展覧,会,,,,,,,,,,,,,,,,,
第八回　商工省輸出品包装展覧会,商工,省,輸出,品,包装,展覧,会,,,,,,,,,,,,,
聖保禄高女バザー,聖,保,禄,高女,バザー,,,,,,,,,,,,,,,
第一回函館特産品展覧会,函館,特産,品,展覧,会,,,,,,,,,,,,,,,
第四回北海全道家禽共進会,北海,全道,家禽,共進,会,,,,,,,,,,,,,,,
第十一回函館没馬能力共進会,函館,没,馬,能力,共進,会,,,,,,,,,,,,,,
埼玉甘藷,埼玉,甘藷,,,,,,,,,,,,,,,,,,
レート,レート,,,,,,,,,,,,,,,,,,,
アセモ・タダレの最新薬　シッカロール,アセモ,タダレ,最新,薬,シッカロール,,,,,,,,,,,,,,,
大津屋　太平商店,大津屋,太平,商店,,,,,,,,,,,,,,,,,
郵便壁新聞,郵便,壁,新聞,,,,,,,,,,,,,,,,,
郵便壁新聞特集号,郵便,壁,新聞,特集,号,,,,,,,,,,,,,,,
北海道百年記念＝作文・論文の募集,北海道,記念,作文,論文,募集,,,,,,,,,,,,,,,
フレッシュ絹上布,絹,上布,,,,,,,,,,,,,,,,,,
秩父銘仙,秩父,銘仙,,,,,,,,,,,,,,,,,,
江戸自慢御裏地,江戸,自慢,裏地,,,,,,,,,,,,,,,,,
村山大島紬,村山,大島,紬,,,,,,,,,,,,,,,,,
本場秩父銘仙,本場,秩父,銘仙,,,,,,,,,,,,,,,,,
サムライ兄弟商会,サムライ,兄弟,商会,,,,,,,,,,,,,,,,,
箱館一番日本事始め物語　[カレンダー],箱館,日本,事始め,物語,カレンダー,,,,,,,,,,,,,,,
出版記念フォーラム,出版,記念,フォーラム,,,,,,,,,,,,,,,,,
函館浪漫地詩図夢,函館,浪漫,地,詩,図,夢,,,,,,,,,,,,,,
函館浪漫地詩図夢Ⅱ,函館,浪漫,地,詩,図,夢,,,,,,,,,,,,,,
箱館一番日本事始め物語　[カレンダー],箱館,日本,事始め,物語,カレンダー,,,,,,,,,,,,,,,
青函博（函館EXPO’88）協賛特別企画,青函,博,函館,EXPO,協賛,企画,,,,,,,,,,,,,,
田辺三重松展,田辺,三重松,展,,,,,,,,,,,,,,,,,
森屋,森屋,,,,,,,,,,,,,,,,,,,
チェリー,チェリー,,,,,,,,,,,,,,,,,,,
ピンヘット,ヘット,,,,,,,,,,,,,,,,,,,
オールド,オールド,,,,,,,,,,,,,,,,,,,
パイプケーク,パイプ,ケーク,,,,,,,,,,,,,,,,,,
オールド,オールド,,,,,,,,,,,,,,,,,,,
ルビー,ルビー,,,,,,,,,,,,,,,,,,,
牡丹煙草,牡丹,煙草,,,,,,,,,,,,,,,,,,
花雲井,花,雲井,,,,,,,,,,,,,,,,,,
露西亜形紙巻煙草,露西亜,形,紙巻,煙草,,,,,,,,,,,,,,,,
巻煙草,巻,煙草,,,,,,,,,,,,,,,,,,
マニラ紙巻,マニラ,紙巻,,,,,,,,,,,,,,,,,,
岩谷商会,岩谷,商会,,,,,,,,,,,,,,,,,,
牡丹煙草,牡丹,煙草,,,,,,,,,,,,,,,,,,
ホーニー巻煙草,ホーニー,巻,煙草,,,,,,,,,,,,,,,,,
ピーコック,ピーコック,,,,,,,,,,,,,,,,,,,
ホーク,ホーク,,,,,,,,,,,,,,,,,,,
春の福引大売出し,春,福引,売出し,,,,,,,,,,,,,,,,,
レコード石鹸,レコード,石鹸,,,,,,,,,,,,,,,,,,
老牌金剛石牙粉,牌,金剛,石,牙,粉,,,,,,,,,,,,,,,
クラブ美身クリーム,クラブ,美身,クリーム,,,,,,,,,,,,,,,,,
楽生堂Ｈ．Ｓ線療院,楽生,堂,線,療院,,,,,,,,,,,,,,,,
クラブ美身クリーム,クラブ,美身,クリーム,,,,,,,,,,,,,,,,,
ライオン歯磨,ライオン,歯磨,,,,,,,,,,,,,,,,,,
クラブ美身クリーム,クラブ,美身,クリーム,,,,,,,,,,,,,,,,,
クラブ美身クリーム,クラブ,美身,クリーム,,,,,,,,,,,,,,,,,
クラブ歯磨き無代進呈,クラブ,歯磨き,無代,進呈,,,,,,,,,,,,,,,,
レート大演習会,レート,演習,会,,,,,,,,,,,,,,,,,
レート大演習会,レート,演習,会,,,,,,,,,,,,,,,,,
ゴコー整髪料,ゴコー,整髪,料,,,,,,,,,,,,,,,,,
函館毎日新聞創刊六十周年記念,函館,毎日,新聞,創刊,記念,,,,,,,,,,,,,,,
御香椿油,香,椿油,,,,,,,,,,,,,,,,,,
電気週間,電気,週間,,,,,,,,,,,,,,,,,,
JOIK,JOIK,,,,,,,,,,,,,,,,,,,
フクロクストーブ,フクロク,ストーブ,,,,,,,,,,,,,,,,,,
フクロクストーブ,フクロク,ストーブ,,,,,,,,,,,,,,,,,,
三菱鉱業株式会社,三菱,鉱業,株式,会社,,,,,,,,,,,,,,,,
天下ストーブ,天下,ストーブ,,,,,,,,,,,,,,,,,,
萩原式安全ストーブ,萩原,式,安全,ストーブ,,,,,,,,,,,,,,,,
ピースストーブ,ピース,ストーブ,,,,,,,,,,,,,,,,,,
センオーストーブ,センオーストーブ,,,,,,,,,,,,,,,,,,,
愃六ストーブ,愃,六,ストーブ,,,,,,,,,,,,,,,,,
フクロクストーブ,フクロク,ストーブ,,,,,,,,,,,,,,,,,,
フクロクストーブ,フクロク,ストーブ,,,,,,,,,,,,,,,,,,
つつしみの日,日,,,,,,,,,,,,,,,,,,,
火乃用心,火,用心,,,,,,,,,,,,,,,,,,
函館火災予防組合連合会,函館,火災,予防,組合,連合,会,,,,,,,,,,,,,,
中央火災傷害保険株式会社,中央,火災,傷害,保険,株式,会社,,,,,,,,,,,,,,
輸出振興外貨節約,輸出,振興,外貨,節約,,,,,,,,,,,,,,,,
火の用心,火,用心,,,,,,,,,,,,,,,,,,
宇宙旅行も貯蓄から,宇宙,旅行,貯蓄,,,,,,,,,,,,,,,,,
交通共済定期預金,交通,共済,定期,預金,,,,,,,,,,,,,,,,
農業協同組合,農業,協同,組合,,,,,,,,,,,,,,,,,
貯蓄増強中央委員会,貯蓄,増強,中央,委員,会,,,,,,,,,,,,,,,
満州へ朝鮮へ,満州,朝鮮,,,,,,,,,,,,,,,,,,
南満州鉄道株式会社,南,満州,鉄道,株式,会社,,,,,,,,,,,,,,,
想ひ起す二十五年前,想,前,,,,,,,,,,,,,,,,,,
備へよ国防,備,国防,,,,,,,,,,,,,,,,,,
支那事変ノ国債,支那,事変,国債,,,,,,,,,,,,,,,,,
支那事変貯蓄債券,支那,事変,貯蓄,債券,,,,,,,,,,,,,,,,
支那事変国債,支那,事変,国債,,,,,,,,,,,,,,,,,
SHIMATANI-LINE,SHIMATANI,LINE,,,,,,,,,,,,,,,,,,
北日本汽船,北,日本,汽船,,,,,,,,,,,,,,,,,
COMPLIMENTS OF OSAKA SHOSEN KAISHA.,COMPLIMENTS,OF,OSAKA,SHOSEN,KAISHA,,,,,,,,,,,,,,,
北日本汽船株式会社,北,日本,汽船,株式,会社,,,,,,,,,,,,,,,
大阪商船株式会社,大阪,商船,株式,会社,,,,,,,,,,,,,,,,
大阪商船株式会社,大阪,商船,株式,会社,,,,,,,,,,,,,,,,
大阪商船株式会社,大阪,商船,株式,会社,,,,,,,,,,,,,,,,
OSAKA SHOSEN KAISHA,OSAKA,SHOSEN,KAISHA,,,,,,,,,,,,,,,,,
大阪商船株式会社,大阪,商船,株式,会社,,,,,,,,,,,,,,,,
北日本汽船株式会社,北,日本,汽船,株式,会社,,,,,,,,,,,,,,,
日本郵船株式会社,日本,郵船,株式,会社,,,,,,,,,,,,,,,,
東洋汽船株式会社,東洋,汽船,株式,会社,,,,,,,,,,,,,,,,
東洋汽船株式会社,東洋,汽船,株式,会社,,,,,,,,,,,,,,,,
近海郵船株式会社,近海,郵船,株式,会社,,,,,,,,,,,,,,,,
近海郵船株式会社,近海,郵船,株式,会社,,,,,,,,,,,,,,,,
近海郵船,近海,郵船,,,,,,,,,,,,,,,,,,
近海郵船株式会社,近海,郵船,株式,会社,,,,,,,,,,,,,,,,
近海郵船会社,近海,郵船,会社,,,,,,,,,,,,,,,,,
近海郵船株式会社　[カレンダー],近海,郵船,株式,会社,カレンダー,,,,,,,,,,,,,,,
近海郵船株式会社,近海,郵船,株式,会社,,,,,,,,,,,,,,,,
日本郵船株式会社,日本,郵船,株式,会社,,,,,,,,,,,,,,,,
近海郵船株式会社　[カレンダー],近海,郵船,株式,会社,カレンダー,,,,,,,,,,,,,,,
近海郵船株式会社,近海,郵船,株式,会社,,,,,,,,,,,,,,,,
NIPPON　YUSEN KAISHA,NIPPON,YUSEN,KAISHA,,,,,,,,,,,,,,,,,
日本郵船株式会社,日本,郵船,株式,会社,,,,,,,,,,,,,,,,
日本郵船株式会社,日本,郵船,株式,会社,,,,,,,,,,,,,,,,
日本郵船株式会社,日本,郵船,株式,会社,,,,,,,,,,,,,,,,
日本郵船株式会社,日本,郵船,株式,会社,,,,,,,,,,,,,,,,
日本郵船株式会社,日本,郵船,株式,会社,,,,,,,,,,,,,,,,
日本郵船株式会社,日本,郵船,株式,会社,,,,,,,,,,,,,,,,
日本郵船株式会社,日本,郵船,株式,会社,,,,,,,,,,,,,,,,
日本郵船株式会社,日本,郵船,株式,会社,,,,,,,,,,,,,,,,
春の長崎へ,春,長崎,,,,,,,,,,,,,,,,,,
スキーは昆布温泉へ,スキー,昆布,温泉,,,,,,,,,,,,,,,,,
躍進日本＝実業教育,躍進,日本,実業,教育,,,,,,,,,,,,,,,,
揚げよ日の丸備へよ貯金,日,丸備,貯金,,,,,,,,,,,,,,,,,
国民精神総動員,国民,精神,動員,,,,,,,,,,,,,,,,,
慰問袋募集,慰問,袋,募集,,,,,,,,,,,,,,,,,
神戸みなとの祭,神戸,みなと,祭,,,,,,,,,,,,,,,,,
建国祭,建国,祭,,,,,,,,,,,,,,,,,,
大法会修行実物展覧会開催,法会,修行,実物,展覧,会,開催,,,,,,,,,,,,,,
建武中興,建武,中興,,,,,,,,,,,,,,,,,,
元寇記念祭,元寇,記念,祭,,,,,,,,,,,,,,,,,
六百年大祭,大祭,,,,,,,,,,,,,,,,,,,
大楠公六百年祭,大楠,公,祭,,,,,,,,,,,,,,,,,
観世音開帳,観世音,開帳,,,,,,,,,,,,,,,,,,
明治神宮鎮座十年祭,明治,神宮,鎮座,祭,,,,,,,,,,,,,,,,
大楠公六百年大祭,大楠,公,大祭,,,,,,,,,,,,,,,,,
富士山開,富士,山開,,,,,,,,,,,,,,,,,,
お互に努めませう,互,,,,,,,,,,,,,,,,,,,
短期公債募集,短期,公債,募集,,,,,,,,,,,,,,,,,
勤倹貯蓄記念日三月十日,勤倹,貯蓄,記念,日,,,,,,,,,,,,,,,,
貯蓄報国,貯蓄,報国,,,,,,,,,,,,,,,,,,
郵便年金,郵便,年金,,,,,,,,,,,,,,,,,,
速達郵便,速達,郵便,,,,,,,,,,,,,,,,,,
郵便局にて公債売出し,郵便,局,公債,売出し,,,,,,,,,,,,,,,,
公債売出し,公債,売出し,,,,,,,,,,,,,,,,,,
郵便局にて公債売出し,郵便,局,公債,売出し,,,,,,,,,,,,,,,,
公債売出し,公債,売出し,,,,,,,,,,,,,,,,,,
郵便局にて公債売出し,郵便,局,公債,売出し,,,,,,,,,,,,,,,,
四月より東北北海道飛行開始,東北,北海道,飛行,開始,,,,,,,,,,,,,,,,
小樽港,小樽,港,,,,,,,,,,,,,,,,,,
樺太庁鉄道,樺太,庁,鉄道,,,,,,,,,,,,,,,,,
日本郵船株式会社,日本,郵船,株式,会社,,,,,,,,,,,,,,,,
日本郵船株式会社,日本,郵船,株式,会社,,,,,,,,,,,,,,,,
海運報国,海運,報国,,,,,,,,,,,,,,,,,,
北日本汽船株式会社,北,日本,汽船,株式,会社,,,,,,,,,,,,,,,
around the world,around,the,world,,,,,,,,,,,,,,,,,
日本郵船株式会社,日本,郵船,株式,会社,,,,,,,,,,,,,,,,
近海郵船株式会社　[カレンダー],近海,郵船,株式,会社,カレンダー,,,,,,,,,,,,,,,
近海郵船株式会社　[カレンダー],近海,郵船,株式,会社,カレンダー,,,,,,,,,,,,,,,
近海郵船株式会社　[カレンダー],近海,郵船,株式,会社,カレンダー,,,,,,,,,,,,,,,
近海郵船株式会社　[カレンダー],近海,郵船,株式,会社,カレンダー,,,,,,,,,,,,,,,
札幌鉄道局,札幌,鉄道,局,,,,,,,,,,,,,,,,,
4月2日第6回図書館記念日,図書,館,記念,日,,,,,,,,,,,,,,,,
貯蓄増強中央委員会,貯蓄,増強,中央,委員,会,,,,,,,,,,,,,,,
生徒募集岐阜薬学専門学校,生徒,募集,岐阜,薬学,専門,学校,,,,,,,,,,,,,,
早稲田大学校外生の会,早稲田,大学,校外,生,会,,,,,,,,,,,,,,,
早稲田大学校外生の会,早稲田,大学,校外,生,会,,,,,,,,,,,,,,,
東京第一高等無線工科学校,東京,一,無線,工科,学校,,,,,,,,,,,,,,,
横浜専門学校,横浜,専門,学校,,,,,,,,,,,,,,,,,
給費生募集横浜専門学校,給費,生,募集,横浜,専門,学校,,,,,,,,,,,,,,
市立函館実修女学校,市,立,函館,修女,学校,,,,,,,,,,,,,,,
函館高等水産学校,函館,水産,学校,,,,,,,,,,,,,,,,,
皇学儒学大東文化学院,皇,学,儒学,大東,文化,学院,,,,,,,,,,,,,,
明治学院,明治,学院,,,,,,,,,,,,,,,,,,
給費生ヲ募集ス,給費,生,募集,,,,,,,,,,,,,,,,,
海軍志願兵募集,海軍,志願,兵,募集,,,,,,,,,,,,,,,,
学生募集,学生,募集,,,,,,,,,,,,,,,,,,
学校案内,学校,案内,,,,,,,,,,,,,,,,,,
愛刀週間,愛,刀,週間,,,,,,,,,,,,,,,,,
東京落語特選名流大会,東京,落語,特選,名流,大会,,,,,,,,,,,,,,,
高浜喜久義,高浜,喜久,義,,,,,,,,,,,,,,,,,
鎧なき騎士,鎧,騎士,,,,,,,,,,,,,,,,,,
世界一スミス冒険的宙返り飛行大会,世界,一,スミス,冒険,的,宙返り,飛行,大会,,,,,,,,,,,,
青函くに子大一座三十余名,青函,くに子,一座,名,,,,,,,,,,,,,,,,
帝都名流大演芸会,帝都,名流,演芸,会,,,,,,,,,,,,,,,,
陸軍特別大演習実況放送,陸軍,演習,実況,放送,,,,,,,,,,,,,,,,
祝　陸軍特別大演習,祝,陸軍,演習,,,,,,,,,,,,,,,,,
松前観光,松前,観光,,,,,,,,,,,,,,,,,,
辰悦丸箱館寄港,辰,悦,箱館,寄港,,,,,,,,,,,,,,,,
松前さくらまつり,松前,さくら,まつり,,,,,,,,,,,,,,,,,
映画　海猫,映画,海猫,,,,,,,,,,,,,,,,,,
松前城下時代まつり,松前,城下,時代,まつり,,,,,,,,,,,,,,,,
第6回函館夜景の日,函館,夜景,日,,,,,,,,,,,,,,,,,
成人祭　平成13年度,成人,祭,平成,,,,,,,,,,,,,,,,,
DIG災害図上訓練ネットワーク設立記念講演会,DIG,災害,図上,訓練,ネットワーク,設立,記念,講演,会,,,,,,,,,,,
2002はこだてクリスマスファンタジー,はこだて,クリスマス,ファンタジー,,,,,,,,,,,,,,,,,
2002　はこだてクリスマスファンタジー,はこだて,クリスマス,ファンタジー,,,,,,,,,,,,,,,,,
北海道イメージアップ,北海道,イメージ,アップ,,,,,,,,,,,,,,,,,
第10回記念2000函館ハーフマラソン大会交通規制,記念,函館,ハーフ,マラソン,大会,交通,規制,,,,,,,,,,,,,
新撰組　近藤勇,新撰,組,近藤,勇,,,,,,,,,,,,,,,,
広島東洋カープVS横浜ベイスターズ　セ・リーグ公式戦,広島,東洋,カープ,VS,横浜,ベイスターズ,セ・リーグ,公式,戦,,,,,,,,,,,
市制執行80年記念第15回　野外劇,市制,執行,記念,野外,劇,,,,,,,,,,,,,,,
函館みなとパネル展　平成13年度,函館,みなと,パネル,展,平成,,,,,,,,,,,,,,,
創作劇　炎の如く,創作,劇,炎,,,,,,,,,,,,,,,,,
函館みなとパネル展　平成14年版,函館,みなと,パネル,展,平成,版,,,,,,,,,,,,,,
北海道博,北海道,博,,,,,,,,,,,,,,,,,,
夕鶴,夕鶴,,,,,,,,,,,,,,,,,,,
北海道大博覧会,北海道,大,博覧,会,,,,,,,,,,,,,,,,
大阪日本万国博,大阪,日本,万国,博,,,,,,,,,,,,,,,,
東北北海道産業振興共進会,東北,北海道,産業,振興,共進,会,,,,,,,,,,,,,,
幽霊やしき,幽霊,しき,,,,,,,,,,,,,,,,,,
北海道博,北海道,博,,,,,,,,,,,,,,,,,,
北洋博,北洋,博,,,,,,,,,,,,,,,,,,
北海道博海の小樽会場,北海道,博海,小樽,会場,,,,,,,,,,,,,,,,
北洋博,北洋,博,,,,,,,,,,,,,,,,,,
北洋博,北洋,博,,,,,,,,,,,,,,,,,,
湯川温泉納凉まつり,湯川,温,泉納,凉,まつり,,,,,,,,,,,,,,,
北洋博函館カレンダー,北洋,博,函館,カレンダー,,,,,,,,,,,,,,,,
第１４回英語劇公演夏の夜の夢,英語,劇,公演,夏,夜,夢,,,,,,,,,,,,,,
ナンの悲劇,悲劇,,,,,,,,,,,,,,,,,,,
第9回英語劇の夕　聖者の泉,英語,劇,夕,聖者,泉,,,,,,,,,,,,,,,
第8回英語劇の夕　我等の町,英語,劇,夕,等,町,,,,,,,,,,,,,,,
NHK郷土芸能発表大会,NHK,郷土,芸能,発表,大会,,,,,,,,,,,,,,,
第7回英語劇の夕”御婦人は皆知っている”,英語,劇,夕,婦人,皆,,,,,,,,,,,,,,,
第15回函館地区高校演劇発表会,函館,地区,高校,演劇,発表,会,,,,,,,,,,,,,,
第一回発表会童話劇の集い,発表,会,童話,劇,集い,,,,,,,,,,,,,,,
第13回公演メドウサの首,公演,メドウサ,首,,,,,,,,,,,,,,,,,
第10回英語劇の夕ドーヴァー街道,英語,劇,夕,ドーヴァー,街道,,,,,,,,,,,,,,,
第12回英語劇─Life with Father　おやじとともに─,英語,劇,Life,with,Father,おやじ,,,,,,,,,,,,,,
第13回英語劇わかれ,英語,劇,,,,,,,,,,,,,,,,,,
貯蓄増強中央委員会,貯蓄,増強,中央,委員,会,,,,,,,,,,,,,,,
新人実演大会,新人,実演,大会,,,,,,,,,,,,,,,,,
北洋博,北洋,博,,,,,,,,,,,,,,,,,,
印度国際観光物産見本市,印度,国際,観光,物産,見本,市,,,,,,,,,,,,,,
神戸海上運送火災保険株式会社,神戸,海上,運送,火災,保険,株式,会社,,,,,,,,,,,,,
リボンシトロン,リボン,シトロン,,,,,,,,,,,,,,,,,,
住みよい社会をつくる郵便貯金,社会,郵便,貯金,,,,,,,,,,,,,,,,,
友愛は心の財産,友愛,心,財産,,,,,,,,,,,,,,,,,
函館東郷会発会式,函館,東郷,会,発会,式,,,,,,,,,,,,,,,
北海道イメージアップ,北海道,イメージ,アップ,,,,,,,,,,,,,,,,,
懐かしのおもちゃ展,おもちゃ,展,,,,,,,,,,,,,,,,,,
函館精養軒の包装紙,函館,精養軒,包装,紙,,,,,,,,,,,,,,,,
岩船呉服店の包装紙,岩船,呉服,店,包装,紙,,,,,,,,,,,,,,,
荻野呉服店の包装紙,荻野,呉服,店,包装,紙,,,,,,,,,,,,,,,
荻野呉服店の包装紙,荻野,呉服,店,包装,紙,,,,,,,,,,,,,,,
精養軒の包装紙,精養軒,包装,紙,,,,,,,,,,,,,,,,,
亀井信盛堂の包装紙,亀井,信盛,堂,包装,紙,,,,,,,,,,,,,,,
ヤマトヤ商店の包装紙,ヤマトヤ,商店,包装,紙,,,,,,,,,,,,,,,,
風月堂の包装紙,風月,堂,包装,紙,,,,,,,,,,,,,,,,
秋月堂の包装紙,秋月,堂,包装,紙,,,,,,,,,,,,,,,,
風月堂田村商店の包装紙,風月,堂,田村,商店,包装,紙,,,,,,,,,,,,,,
阿みや履物店の包装紙,みや,履物,店,包装,紙,,,,,,,,,,,,,,,
藤井土産店の包装紙,藤井,土産,店,包装,紙,,,,,,,,,,,,,,,
ハコダテヤの包装紙,ハコダテヤ,包装,紙,,,,,,,,,,,,,,,,,
トラピスト乳製品の包装紙,トラピスト,製品,包装,紙,,,,,,,,,,,,,,,,
丸越　白崎分店の包装紙,丸越,白崎,分,店,包装,紙,,,,,,,,,,,,,,
長峰商店の包装紙,長峰,商店,包装,紙,,,,,,,,,,,,,,,,
丸安　安田商店調製の包装紙,丸安,安田,商店,調製,包装,紙,,,,,,,,,,,,,,
金森大正堂の包装紙,金森,正堂,包装,紙,,,,,,,,,,,,,,,,
函館ボーニ　荻野呉服店の包装紙,函館,ボーニ,荻野,呉服,店,包装,紙,,,,,,,,,,,,,
松屋呉服店の包装紙,松屋,呉服,店,包装,紙,,,,,,,,,,,,,,,
近江屋呉服店の包装紙,近江屋,呉服,店,包装,紙,,,,,,,,,,,,,,,
函館　今井呉服店の包装紙,函館,今井,呉服,店,包装,紙,,,,,,,,,,,,,,
中村呉服店の包装紙,中村,呉服,店,包装,紙,,,,,,,,,,,,,,,
西田屋パンの包装紙,西田,屋,パン,包装,紙,,,,,,,,,,,,,,,
青柳軒の包装紙,青柳,軒,包装,紙,,,,,,,,,,,,,,,,
古西商店の包装紙,古西,商店,包装,紙,,,,,,,,,,,,,,,,
寺井陶器店の包装紙,寺井,陶器,店,包装,紙,,,,,,,,,,,,,,,
小西洋品店の包装紙,小西,洋品,店,包装,紙,,,,,,,,,,,,,,,
赤のれん洋反物店の包装紙,赤,のれん,洋,反物,店,包装,紙,,,,,,,,,,,,,
ハマノ薬房の包装紙,ハマ,薬,房,包装,紙,,,,,,,,,,,,,,,
正札堂の包装紙,正札,堂,包装,紙,,,,,,,,,,,,,,,,
田中茶舗の包装紙,田中,茶舗,包装,紙,,,,,,,,,,,,,,,,
トラピスト乳製品の包装紙,トラピスト,製品,包装,紙,,,,,,,,,,,,,,,,
牛鳥　和洋御料理の包装紙,牛,鳥,和洋,料理,包装,紙,,,,,,,,,,,,,,
トモエヤの包装紙,トモエヤ,包装,紙,,,,,,,,,,,,,,,,,
ネボケ堂の包装紙,ネボケ,堂,包装,紙,,,,,,,,,,,,,,,,
サムライ呉服店の包装紙,サムライ,呉服,店,包装,紙,,,,,,,,,,,,,,,
センシユウアンの包装紙,センシユウアン,包装,紙,,,,,,,,,,,,,,,,,
トモエヤの包装紙,トモエヤ,包装,紙,,,,,,,,,,,,,,,,,
新田完一商店の包装紙,新田,完一,商店,包装,紙,,,,,,,,,,,,,,,
風月堂　田村松五郎の包装紙,風月,堂,田村,松五郎,包装,紙,,,,,,,,,,,,,,
千利庵の包装紙,千利,庵,包装,紙,,,,,,,,,,,,,,,,
早坂洋品店の包装紙,早坂,洋品,店,包装,紙,,,,,,,,,,,,,,,
赤のれんモスリン店の包装紙,赤,のれん,モスリン,店,包装,紙,,,,,,,,,,,,,,
寺井陶器店の包装紙,寺井,陶器,店,包装,紙,,,,,,,,,,,,,,,
安田商店の包装紙,安田,商店,包装,紙,,,,,,,,,,,,,,,,
伊月洋物店の包装紙,伊月,洋,物,店,包装,紙,,,,,,,,,,,,,,
サカモトの包装紙,サカモト,包装,紙,,,,,,,,,,,,,,,,,
函館今井呉服店の包装紙,函館,今井,呉服,店,包装,紙,,,,,,,,,,,,,,
共益商社の包装紙,共益,商社,包装,紙,,,,,,,,,,,,,,,,
白木屋呉服店の包装紙,白木屋,呉服,店,包装,紙,,,,,,,,,,,,,,,
松吉政吉商店の包装紙,松吉,政吉,商店,包装,紙,,,,,,,,,,,,,,,
柳栄堂の包装紙,柳栄,堂,包装,紙,,,,,,,,,,,,,,,,
富屋北川商店の包装紙,富屋,北川,商店,包装,紙,,,,,,,,,,,,,,,
浪花屋の包装紙,浪花,屋,包装,紙,,,,,,,,,,,,,,,,
成木屋呉服店の包装紙,成木,屋,呉服,店,包装,紙,,,,,,,,,,,,,,
成木屋呉服店の包装紙,成木,屋,呉服,店,包装,紙,,,,,,,,,,,,,,
函館今井呉服店の包装紙,函館,今井,呉服,店,包装,紙,,,,,,,,,,,,,,
柳栄堂の包装紙,柳栄,堂,包装,紙,,,,,,,,,,,,,,,,
函館サカモトの包装紙,函館,サカモト,包装,紙,,,,,,,,,,,,,,,,
函館サカモトの包装紙,函館,サカモト,包装,紙,,,,,,,,,,,,,,,,
浪花屋の包装紙,浪花,屋,包装,紙,,,,,,,,,,,,,,,,
浪花屋の包装紙,浪花,屋,包装,紙,,,,,,,,,,,,,,,,
函館　荻野呉服店の包装紙,函館,荻野,呉服,店,包装,紙,,,,,,,,,,,,,,
極光社書店の包装紙,極光,社,書店,包装,紙,,,,,,,,,,,,,,,
極光社書店の包装紙,極光,社,書店,包装,紙,,,,,,,,,,,,,,,
西川洋品店の包装紙,西川,洋品,店,包装,紙,,,,,,,,,,,,,,,
大丸呉服店の包装紙,大丸,呉服,店,包装,紙,,,,,,,,,,,,,,,
三越呉服店の包装紙,三越,呉服,店,包装,紙,,,,,,,,,,,,,,,
函館　風月堂の包装紙,函館,風月,堂,包装,紙,,,,,,,,,,,,,,,
大島商会の包装紙,大島,商会,包装,紙,,,,,,,,,,,,,,,,
石塚増太郎商店の包装紙,石塚,増太郎,商店,包装,紙,,,,,,,,,,,,,,,
松屋呉服店の包装紙,松屋,呉服,店,包装,紙,,,,,,,,,,,,,,,
小林洋服店の包装紙,小林,洋服,店,包装,紙,,,,,,,,,,,,,,,
林屋商舗の包装紙,林屋,商,舗,包装,紙,,,,,,,,,,,,,,,
松坂屋いとう呉服店の包装紙,松坂屋,呉服,店,包装,紙,,,,,,,,,,,,,,,
松坂屋いとう呉服店の包装紙,松坂屋,呉服,店,包装,紙,,,,,,,,,,,,,,,
五番館の包装紙,五,番,館,包装,紙,,,,,,,,,,,,,,,
養和軒の包装紙,養和,軒,包装,紙,,,,,,,,,,,,,,,,
榛原直次郎の包装紙,榛原,直次郎,包装,紙,,,,,,,,,,,,,,,,
玉川呉服店の包装紙,玉川,呉服,店,包装,紙,,,,,,,,,,,,,,,
小西洋品店の包装紙,小西,洋品,店,包装,紙,,,,,,,,,,,,,,,
白木屋呉服店の包装紙,白木屋,呉服,店,包装,紙,,,,,,,,,,,,,,,
桐生織物同業組合・邑楽織物同業組合・伊勢崎織物同業組合・群馬懸生絹太織商同業組合の包装紙,桐生,織物,同業,組合,邑楽,織物,同業,組合,伊勢崎,織物,同業,組合,群馬,生絹,太織,商,同業,組合,包装,紙
イツキ洋品店の包装紙,イツキ,洋品,店,包装,紙,,,,,,,,,,,,,,,
松屋呉服店の包装紙,松屋,呉服,店,包装,紙,,,,,,,,,,,,,,,
長嶋洋品店の包装紙,長嶋,洋品,店,包装,紙,,,,,,,,,,,,,,,
信盛堂呉服店の包装紙,信盛,堂,呉服,店,包装,紙,,,,,,,,,,,,,,
河村蒲団店の包装紙,河村,蒲団,店,包装,紙,,,,,,,,,,,,,,,
菊水総本店の包装紙,菊水,本店,包装,紙,,,,,,,,,,,,,,,,
マルキ号本店の包装紙,マル,キ,号,本店,包装,紙,,,,,,,,,,,,,,
白崎分店の包装紙,白崎,分,店,包装,紙,,,,,,,,,,,,,,,
福助饂飩の包装紙,福助,饂飩,包装,紙,,,,,,,,,,,,,,,,
秋月堂の包装紙,秋月,堂,包装,紙,,,,,,,,,,,,,,,,
荻野呉服店の包装紙,荻野,呉服,店,包装,紙,,,,,,,,,,,,,,,
竹田洋品店の包装紙,竹田,洋品,店,包装,紙,,,,,,,,,,,,,,,
寺井商店の包装紙,寺井,商店,包装,紙,,,,,,,,,,,,,,,,
加藤呉服店の包装紙,加藤,呉服,店,包装,紙,,,,,,,,,,,,,,,
菊水売店の包装紙,菊水,売店,包装,紙,,,,,,,,,,,,,,,,
西堀書店の包装紙,西堀,書店,包装,紙,,,,,,,,,,,,,,,,
高橋商店の包装紙,高橋,商店,包装,紙,,,,,,,,,,,,,,,,
西堀書店の包装紙,西堀,書店,包装,紙,,,,,,,,,,,,,,,,
カナメ屋の包装紙,カナメ,屋,包装,紙,,,,,,,,,,,,,,,,
トモエヤの包装紙,トモエヤ,包装,紙,,,,,,,,,,,,,,,,,
今井呉服店の包装紙,今井,呉服,店,包装,紙,,,,,,,,,,,,,,,
カネモリ洋物店の包装紙,カネモリ,洋,物,店,包装,紙,,,,,,,,,,,,,,
近江屋呉服店の包装紙,近江屋,呉服,店,包装,紙,,,,,,,,,,,,,,,
陸軍御用甲子屋の包装紙,陸軍,用,甲子,屋,包装,紙,,,,,,,,,,,,,,
西堀近江堂の包装紙,西堀,近江堂,包装,紙,,,,,,,,,,,,,,,,
成木屋呉服店の包装紙,成木,屋,呉服,店,包装,紙,,,,,,,,,,,,,,
やまぶきの包装紙,包装,紙,,,,,,,,,,,,,,,,,,
やまぶきの包装紙,包装,紙,,,,,,,,,,,,,,,,,,
岩船呉服店の包装紙　1～2,岩船,呉服,店,包装,紙,,,,,,,,,,,,,,,
今井呉服洋物店の包装紙　1～2,今井,呉服,洋,物,店,包装,紙,,,,,,,,,,,,,
今井呉服洋物店の包装紙　1～3,今井,呉服,洋,物,店,包装,紙,,,,,,,,,,,,,
萩野呉服店の包装紙,萩野,呉服,店,包装,紙,,,,,,,,,,,,,,,
今井呉服店の包装紙,今井,呉服,店,包装,紙,,,,,,,,,,,,,,,
風月堂田村商店の包装紙　1～2,風月,堂,田村,商店,包装,紙,,,,,,,,,,,,,,
ネボケ堂の包装紙　1～2,ネボケ,堂,包装,紙,,,,,,,,,,,,,,,,
今井呉服洋物店の包装紙　1～6,今井,呉服,洋,物,店,包装,紙,,,,,,,,,,,,,
松屋呉服店の包装紙　1～2,松屋,呉服,店,包装,紙,,,,,,,,,,,,,,,
センシュウアンの包装紙　1～6,センシュウ,アン,包装,紙,,,,,,,,,,,,,,,,
今井呉服洋物店の包装紙　1～3,今井,呉服,洋,物,店,包装,紙,,,,,,,,,,,,,
三越呉服店の包装紙,三越,呉服,店,包装,紙,,,,,,,,,,,,,,,
白木屋呉服店の包装紙,白木屋,呉服,店,包装,紙,,,,,,,,,,,,,,,
白木呉服店の包装紙,白木,呉服,店,包装,紙,,,,,,,,,,,,,,,
ハコダテヤの包装紙,ハコダテヤ,包装,紙,,,,,,,,,,,,,,,,,
中村呉服店の包装紙,中村,呉服,店,包装,紙,,,,,,,,,,,,,,,
大山商店の包装紙,大山,商店,包装,紙,,,,,,,,,,,,,,,,
吉田屋モスリン店の包装紙,吉田屋,モスリン,店,包装,紙,,,,,,,,,,,,,,,
早坂洋品店の包装紙,早坂,洋品,店,包装,紙,,,,,,,,,,,,,,,
児童百貨店トモエヤの包装紙,児童,百貨,店,トモエヤ,包装,紙,,,,,,,,,,,,,,
今井呉服店の包装紙　1～4,今井,呉服,店,包装,紙,,,,,,,,,,,,,,,
今井呉服洋物店の包装紙　1～9,今井,呉服,洋,物,店,包装,紙,,,,,,,,,,,,,
今井呉服洋物店の包装紙,今井,呉服,洋,物,店,包装,紙,,,,,,,,,,,,,
精養軒の包装紙,精養軒,包装,紙,,,,,,,,,,,,,,,,,
岩船呉服店の包装紙,岩船,呉服,店,包装,紙,,,,,,,,,,,,,,,
白木屋呉服店の包装紙　1～2,白木屋,呉服,店,包装,紙,,,,,,,,,,,,,,,
岩船呉服店の包装紙,岩船,呉服,店,包装,紙,,,,,,,,,,,,,,,
2006特別企画展　没後20年 梁川剛一,企画,展,没後,梁川,剛一,,,,,,,,,,,,,,,
市立函館博物館平成22年度特別展　縄文の至宝,市,立,函館,博物,館,平成,展,縄文,至宝,,,,,,,,,,,
特別展　日本の玩具,展,日本,玩具,,,,,,,,,,,,,,,,,
戊辰戦争終結130周年　戊辰戦争　鳥羽・伏見から箱館まで,戊辰,戦争,終結,戊辰,戦争,鳥羽,伏見,箱館,,,,,,,,,,,,
特別企画展　古地図にみる北海道,企画,展,地図,北海道,,,,,,,,,,,,,,,,
函館山,函館,山,,,,,,,,,,,,,,,,,,
開港112年　函館港まつり,開港,函館,港,まつり,,,,,,,,,,,,,,,,
開港111年　函館港まつり,開港,函館,港,まつり,,,,,,,,,,,,,,,,
開港109年記念　函館港まつり,開港,記念,函館,港,まつり,,,,,,,,,,,,,,,
開港108年記念　函館港まつり,開港,記念,函館,港,まつり,,,,,,,,,,,,,,,
函館市港まつり,函館,市,港,まつり,,,,,,,,,,,,,,,,
開港119年記念函館港まつり,開港,記念,函館,港,まつり,,,,,,,,,,,,,,,
開港百十八年記念函館港まつり,開港,記念,函館,港,まつり,,,,,,,,,,,,,,,
開港116年記念　ペリー来航120周年　函館港まつり,開港,記念,ペリー,来航,函館,港,まつり,,,,,,,,,,,,,
開港百十三年記念　函館港まつり,開港,記念,函館,港,まつり,,,,,,,,,,,,,,,
開港121年記念　函館港まつり,開港,記念,函館,港,まつり,,,,,,,,,,,,,,,
はこだて,,,,,,,,,,,,,,,,,,,,
第10回箱館五稜郭祭,箱,館,五稜郭,祭,,,,,,,,,,,,,,,,
はこだて,,,,,,,,,,,,,,,,,,,,
はこだて,,,,,,,,,,,,,,,,,,,,
はこだて,,,,,,,,,,,,,,,,,,,,
はこだて,,,,,,,,,,,,,,,,,,,,
函館　[函館観光ポスター],函館,函館,観光,ポスター,,,,,,,,,,,,,,,,
函館,函館,,,,,,,,,,,,,,,,,,,
函館　[函館観光ポスター],函館,函館,観光,ポスター,,,,,,,,,,,,,,,,
はこだて,,,,,,,,,,,,,,,,,,,,
家庭と青少年の日,家庭,青少年,日,,,,,,,,,,,,,,,,,
たすけあって共同募金,共同,募金,,,,,,,,,,,,,,,,,,
発明の日,発明,日,,,,,,,,,,,,,,,,,,
春の交通安全　道民総ぐるみ運動,春,交通,安全,道民,ぐるみ,運動,,,,,,,,,,,,,,
交通安全,交通,安全,,,,,,,,,,,,,,,,,,
港まつり,港,まつり,,,,,,,,,,,,,,,,,,
函館開港百年記念展,函館,開港,記念,展,,,,,,,,,,,,,,,,
東日本名物名産共進展,東,日本,名物,名産,共,進展,,,,,,,,,,,,,,
函館開港百年祭,函館,開港,祭,,,,,,,,,,,,,,,,,
古代カルタゴ美術展,古代,カルタゴ,美術,展,,,,,,,,,,,,,,,,
ART DEKO ガラスの美,ART,DEKO,ガラス,美,,,,,,,,,,,,,,,,
札幌オリンピックを成功させよう,札幌,オリンピック,成功,,,,,,,,,,,,,,,,,
開港103年記念　函館港まつり,開港,記念,函館,港,まつり,,,,,,,,,,,,,,,
開港九十年港まつり記念　昭和23年度函館観光写真コンクール,開港,港,まつり,記念,昭和,函館,観光,写真,コンクール,,,,,,,,,,,
開港105年記念　’63はこだて港まつり,開港,記念,港,まつり,,,,,,,,,,,,,,,,
開港九十年記念　函館港まつり,開港,記念,函館,港,まつり,,,,,,,,,,,,,,,
水道の普及と料金,水道,普及,料金,,,,,,,,,,,,,,,,,
1952ヘルシンキオリンピックへ選手を送りましょう,ヘルシンキ,オリンピック,選手,,,,,,,,,,,,,,,,,
第11回札幌オリンピック冬季大会会場予定図,札幌,オリンピック,冬季,大会,会場,予定,図,,,,,,,,,,,,,
XI　Olympic Winter Games,XI,Olympic,Winter,Games,,,,,,,,,,,,,,,,
第26回学生広告論文電通賞募集,学生,広告,論文,電通,賞,募集,,,,,,,,,,,,,,
第26回学生広告論文電通賞募集,学生,広告,論文,電通,賞,募集,,,,,,,,,,,,,,
ハイカラ絵日記,ハイカラ,絵,日記,,,,,,,,,,,,,,,,,
港まつり,港,まつり,,,,,,,,,,,,,,,,,,
開港98年　はこだて港まつり,開港,港,まつり,,,,,,,,,,,,,,,,,
開港106年　はこだて港まつり,開港,港,まつり,,,,,,,,,,,,,,,,,
港まつり福引大売出し,港,まつり,福引,売出し,,,,,,,,,,,,,,,,
開港97年はこだて港まつり,開港,こ,港,まつり,,,,,,,,,,,,,,,,
開港九十四周年・北洋漁業再開記念　港まつり,開港,北洋,漁業,再開,記念,港,まつり,,,,,,,,,,,,,
松竹大歌舞伎特別公演,松竹,歌舞伎,公演,,,,,,,,,,,,,,,,,
開港九十五周年　港まつり,開港,港,まつり,,,,,,,,,,,,,,,,,
開港107年記念はこだて港まつり,開港,記念,こ,港,まつり,,,,,,,,,,,,,,,
優良児童図書展示会,児童,図書,展示,会,,,,,,,,,,,,,,,,
市民のための大学開放講座,市民,ため,大学,開放,講座,,,,,,,,,,,,,,,
平成6年度特別展　箱館夢日記＝箱館と南部藩＝,平成,展,箱館,夢日,記,箱館,南部,藩,,,,,,,,,,,,
寺崎広業展,寺崎,広業,展,,,,,,,,,,,,,,,,,
冬の交通事故防止運動,冬,交通,事故,防止,運動,,,,,,,,,,,,,,,
港まつり,港,まつり,,,,,,,,,,,,,,,,,,
みんなで一掃き　たのしい一日,みんな,一,一,日,,,,,,,,,,,,,,,,
開館5周年記念　夷酋列像200年　蠣崎波響とその時代展,開館,記念,夷,酋,列,像,蠣崎,波,響,時代,展,,,,,,,,,
6月1日～7日　水道週間,水道,週間,,,,,,,,,,,,,,,,,,
青少年のために,青少年,ため,,,,,,,,,,,,,,,,,,
呼んでる待ってる北方領土,北方,領土,,,,,,,,,,,,,,,,,,
国際フォトニュース　かけ声の仲間,国際,フォト,ニュース,かけ声,仲間,,,,,,,,,,,,,,,
海外研修生募集,海外,研修,生,募集,,,,,,,,,,,,,,,,
国をささえる若い力　自衛官募集,国,力,自衛,官,募集,,,,,,,,,,,,,,,
国際フォトニュース　富士に鍛える,国際,フォト,ニュース,富士,,,,,,,,,,,,,,,,
国際フォトニュース　大空の祭典,国際,フォト,ニュース,大空,祭典,,,,,,,,,,,,,,,
赤十字看護学生募集,赤十字,看護,学生,募集,,,,,,,,,,,,,,,,
第19回　三国バレエ発表会,三,国,バレエ,発表,会,,,,,,,,,,,,,,,
きょうは税の相談日よ,きょう,税,相談,日,,,,,,,,,,,,,,,,
たすけあって！赤い羽根のよろこびを,羽根,,,,,,,,,,,,,,,,,,,
正しい計量　明るい社会,計量,社会,,,,,,,,,,,,,,,,,,
明るい家庭に明るい子供,家庭,子供,,,,,,,,,,,,,,,,,,
警察官採用,警察,官,採用,,,,,,,,,,,,,,,,,
春の交通安全運動,春,交通,安全,運動,,,,,,,,,,,,,,,,
北海道中堅青年海外派遣団員募集,北海道,中堅,青年,海外,派遣,団,員,募集,,,,,,,,,,,,
第24回学生広告論文伝通賞作品募集,学生,広告,論文,伝,通,賞,作品,募集,,,,,,,,,,,,
航空管制官募集,航空,管制,官,募集,,,,,,,,,,,,,,,,
昭和48年度　北海道図書館大会,昭和,北海道,図書,館,大会,,,,,,,,,,,,,,,
昭和49年度　慶應義塾大学通信教育部学生募集,昭和,慶應,義塾,大学,通信,教育,部,学生,募集,,,,,,,,,,,
函館市民会館落成記念バレエフェスティバル,函館,市民,会館,落成,記念,バレエ,フェスティバル,,,,,,,,,,,,,
明治はるあき,明治,,,,,,,,,,,,,,,,,,,
第7回奨学論文コンテスト,奨学,論文,コンテスト,,,,,,,,,,,,,,,,,
教護になりませんか　第二十七期生募集,教護,生,募集,,,,,,,,,,,,,,,,,
芸術祭バレエ北海道公演　第10回東京バレエグループ公演,芸術,祭,バレエ,北海道,公演,東京,バレエ,グループ,公演,,,,,,,,,,,
第10回全国青年政治討論会,全国,青年,政治,討論,会,,,,,,,,,,,,,,,
第22回学生広告論文電通賞作品募集,学生,広告,論文,電通,賞,作品,募集,,,,,,,,,,,,,
高校生の作文募集　税金についての意見や感想を書いてみよう,高校,生,作文,募集,税金,意見,感想,,,,,,,,,,,,,
札幌オリンピック善意通訳募集,札幌,オリンピック,善意,通訳,募集,,,,,,,,,,,,,,,
第3期　成人学校受講生募集,成人,学校,受講,生,募集,,,,,,,,,,,,,,,
海上保安大学校　水路科・燈台科・普通科　気象大学校学生募集,海上,保安,学校,水路,科,燈台,科,普通,科,気象,学校,学生,募集,,,,,,,
第14回こどもの読書週間,こども,読書,週間,,,,,,,,,,,,,,,,,
松前,松前,,,,,,,,,,,,,,,,,,,
オリンピックへぼくらの代表選手を！,オリンピック,ら,代表,選手,,,,,,,,,,,,,,,,
札幌オリンピックを成功させよう。北海道,札幌,オリンピック,成功,北海道,,,,,,,,,,,,,,,,
国家公務員募集,国家,公務,員,募集,,,,,,,,,,,,,,,,
千代田学園　旧千代田テレビ技術学校,千代田,学園,千代田,テレビ,技術,学校,,,,,,,,,,,,,,
物価抑制特別貯蓄運動,物価,抑制,貯蓄,運動,,,,,,,,,,,,,,,,
ひとりで行かないムリしない,ムリ,,,,,,,,,,,,,,,,,,,
学生募集　学士号授与　教職課程併設,学生,募集,学士,号,授与,教職,課程,併設,,,,,,,,,,,,
国家公務員募集,国家,公務,員,募集,,,,,,,,,,,,,,,,
よみがえる都市河川,都市,河川,,,,,,,,,,,,,,,,,,
№38　青少年フォトニュース,青少年,フォト,ニュース,,,,,,,,,,,,,,,,,
国際フォトニュース　NOWな青春若人の祭典！,国際,フォト,ニュース,NOW,青春,若人,祭典,,,,,,,,,,,,,
Photo Study 1973 №5,Photo,Study,,,,,,,,,,,,,,,,,,
Photo Study 1973 №7,Photo,Study,,,,,,,,,,,,,,,,,,
Photo Study 1973　№9,Photo,Study,,,,,,,,,,,,,,,,,,
Photo Study 1973,Photo,Study,,,,,,,,,,,,,,,,,,
国際フォトニュース　海原はるか硫黄島,国際,フォト,ニュース,海原,はるか,硫黄,島,,,,,,,,,,,,,
水道があって明るい今日がある　6月1日～7日/第12回・水道週間,水道,今日,水道,週間,,,,,,,,,,,,,,,,
鯖戸英郎氏・サルコリー氏・ハース氏・ヘンリエッタペレス夫人　演奏会,鯖戸,英郎,氏,サル,コリー,氏,ハース,氏,ヘンリエッタ,ペレス,夫人,演奏,会,,,,,,,
洋画家　半切画展覧会,洋,画家,半切,画,展覧,会,,,,,,,,,,,,,,
小村真太郎　洋画版画展覧会,小村,真太郎,洋画,版画,展覧,会,,,,,,,,,,,,,,
第九十七回　札幌修身講話会,札幌,修身,講話,会,,,,,,,,,,,,,,,,
第10回　札幌修身講話会,札幌,修身,講話,会,,,,,,,,,,,,,,,,
第3回公演　国防資献金音楽会,公演,国防,資,献金,音楽,会,,,,,,,,,,,,,,
北光トリオ第一回大演奏会,北,光,トリオ,演奏,会,,,,,,,,,,,,,,,
筑前琵琶宗家　橘旭宗先生歓迎大演奏会,筑前,琵琶,宗家,橘,旭,宗,先生,歓迎,演奏,会,,,,,,,,,,
音楽大演奏会,音楽,演奏,会,,,,,,,,,,,,,,,,,
音楽と童謡舞踊の夕,音楽,童謡,舞踊,夕,,,,,,,,,,,,,,,,
第一回　演奏会,演奏,会,,,,,,,,,,,,,,,,,,
画邦　橋浦泰雄個人展覧会,画,邦,橋浦,泰雄,個人,展覧,会,,,,,,,,,,,,,
児童自由画懸賞募集,児童,自由,画,懸賞,募集,,,,,,,,,,,,,,,
マンドリンオルケストラ公開演奏会,マンドリン,オルケストラ,公開,演奏,会,,,,,,,,,,,,,,,
明治大学ハーモニカ　ソサェティー大演奏会,明治,大学,ハーモニカ,ソサェティー,演奏,会,,,,,,,,,,,,,,
コロムビア専属芸術家　巴里ラムルウ管弦楽団独唱者　佐藤美子独唱会,コロムビア,専属,芸術,家,巴里,ラムルウ,管弦,楽団,独唱,者,佐藤,美子,独唱,会,,,,,,
我が楽界の巨星　山田耕作氏作品発表大演奏会,楽界,巨星,山田,耕作,氏,作品,発表,演奏,会,,,,,,,,,,,
駒ヶ嶽爆発罹災義捐大演奏会　早稲田大学オーケストラ団一行,駒,嶽,爆発,罹災,義捐,演奏,会,早稲田,大学,オーケストラ,団,一,行,,,,,,,
久留島武彦氏　お伽二十五周年記念会,久留島,武彦,氏,お伽,記念,会,,,,,,,,,,,,,,
声楽の夕,声楽,夕,,,,,,,,,,,,,,,,,,
満州事情展覧会,満州,事情,展覧,会,,,,,,,,,,,,,,,,
海の展覧会,海,展覧,会,,,,,,,,,,,,,,,,,
釧路海陸物産共進会,釧路,海陸,物産,共進,会,,,,,,,,,,,,,,,
市立電気科学館,市,立,電気,科学,館,,,,,,,,,,,,,,,
開館一周年　市立電気科学館,開館,市,立,電気,科学,館,,,,,,,,,,,,,,
全国発明品展覧会,全国,発明,品,展覧,会,,,,,,,,,,,,,,,
北海道衛生展覧会,北海道,衛生,展覧,会,,,,,,,,,,,,,,,,
網走外三郡物産共進会,網走,外,三,郡,物産,共進,会,,,,,,,,,,,,,
第三回札幌工業品々評会,札幌,工業,品々,評,会,,,,,,,,,,,,,,,
第二回十勝物産共進会,十,勝,物産,共進,会,,,,,,,,,,,,,,,
後志物産共進会,後志,物産,共進,会,,,,,,,,,,,,,,,,
山形県郷土史料大展覧会,山形,県,郷土,史,料,展覧,会,,,,,,,,,,,,,
東郷元帥米寿記念展覧会,東郷,元帥,米寿,記念,展覧,会,,,,,,,,,,,,,,
道産愛用展覧会,道産,愛用,展覧,会,,,,,,,,,,,,,,,,
福島競馬,福島,競馬,,,,,,,,,,,,,,,,,,
酒田競馬,酒田,競馬,,,,,,,,,,,,,,,,,,
第十九回樺太大競馬会,樺太,競馬,会,,,,,,,,,,,,,,,,,
福島競馬,福島,競馬,,,,,,,,,,,,,,,,,,
春季函館競馬,春季,函館,競馬,,,,,,,,,,,,,,,,,
帝室御賞典函館競馬,帝室,賞,典,函館,競馬,,,,,,,,,,,,,,,
昭和六年秋季　八雲競馬,昭和,秋季,八雲,競馬,,,,,,,,,,,,,,,,
日本一の白河馬市,日本,一,白河,馬市,,,,,,,,,,,,,,,,
鉄道図書館訓,鉄道,図書,館,訓,,,,,,,,,,,,,,,,
館内配置書架案内,館内,配置,書架,案内,,,,,,,,,,,,,,,,
記念緑化運動,記念,緑化,運動,,,,,,,,,,,,,,,,,
植樹祭,植樹,祭,,,,,,,,,,,,,,,,,,
お互に道路を愛しませう,互,道路,,,,,,,,,,,,,,,,,,
道は世の為人の為ともに改良致しませう,道,世,為人,為,改良,,,,,,,,,,,,,,,
覚めよ道路改善に,道路,改善,,,,,,,,,,,,,,,,,,
衛生都市の建設,衛生,都市,建設,,,,,,,,,,,,,,,,,
道路の改良と愛護は万人の幸福,道路,改良,愛護,万人,幸福,,,,,,,,,,,,,,,
お互に道路を愛しませう,互,道路,,,,,,,,,,,,,,,,,,
度量衡記念日,度量衡,記念,日,,,,,,,,,,,,,,,,,
四月十一日度量衡記念日,度量衡,記念,日,,,,,,,,,,,,,,,,,
米ハキログラムデ買ヒマセウ,米,ハキログラムデ,買,ヒマセウ,,,,,,,,,,,,,,,,
メートルデー,メートルデー,,,,,,,,,,,,,,,,,,,
来ル四月十一日ヨリ白米ハメートル法デ小売シマス,ル,白米,ハ,メートル,法,小売,シ,マス,,,,,,,,,,,,
銃後健康報国,銃後,健康,報国,,,,,,,,,,,,,,,,,
健康週間,健康,週間,,,,,,,,,,,,,,,,,,
十月十日全国視力保存デー,全国,視力,保存,デー,,,,,,,,,,,,,,,,
六月四日　ムシ歯予防デー,ムシ歯,予防,デー,,,,,,,,,,,,,,,,,
第十三回結核予防デー　12.6.27,結核,予防,デー,,,,,,,,,,,,,,,,,
6月4日全国ムシ歯予防デー,全国,ムシ歯,予防,デー,,,,,,,,,,,,,,,,
第八回結核予防デー　7.6.27,結核,予防,デー,,,,,,,,,,,,,,,,,
第七回結核予防デー　6.6.27,結核,予防,デー,,,,,,,,,,,,,,,,,
自然に親しめ,,,,,,,,,,,,,,,,,,,,
六月四日むし歯予防デー,むし歯,予防,デー,,,,,,,,,,,,,,,,,
第二回飾窓競技会参加店,飾窓,競技,会,参加,店,,,,,,,,,,,,,,,
陽明堂后版印刷所,陽,明堂,后,版,印刷,所,,,,,,,,,,,,,,
陽明堂后版印刷所,陽,明堂,后,版,印刷,所,,,,,,,,,,,,,,
陽明堂印刷所,陽,明堂,印刷,所,,,,,,,,,,,,,,,,
陽明堂印刷所,陽,明堂,印刷,所,,,,,,,,,,,,,,,,
陽明堂印刷所,陽,明堂,印刷,所,,,,,,,,,,,,,,,,
陽明堂印刷所,陽,明堂,印刷,所,,,,,,,,,,,,,,,,
創業二十周年　大日本法令出版株式会社,創業,日本,法令,出版,株式,会社,,,,,,,,,,,,,,
三秀舎のカレンダーの台紙,三,秀,舎,カレンダー,台紙,,,,,,,,,,,,,,,
御大典奉祝ノ為メ十一月十日謹而休業仕候,大典,奉祝,為,メ,謹而,休業,,,,,,,,,,,,,,
明治三十二年略暦,明治,略,暦,,,,,,,,,,,,,,,,,
謹而御大喪儀ヲ拝シ七日休業仕候,謹,而御,喪儀,拝,シ,休業,候,,,,,,,,,,,,,
帝国第二艦隊歓迎之為メ乗組軍人ノ御方之入浴料ヲ金三銭二仕候,帝国,二,艦隊,歓迎,為,メ,乗組,軍人,御方,入浴,料,金,三,銭,二,候,,,,
所得の申告,所得,申告,,,,,,,,,,,,,,,,,,
故大隈候記念大講堂建設資金募集,大隈,候,記念,講堂,建設,資金,募集,,,,,,,,,,,,,
国際補助語　エスペラント,国際,補助,語,エスペラント,,,,,,,,,,,,,,,,
賜御台覧之栄,賜,台覧,栄,,,,,,,,,,,,,,,,,
六月四日ムシ歯予防デー,ムシ歯,予防,デー,,,,,,,,,,,,,,,,,
サムライインキ,サムライ,インキ,,,,,,,,,,,,,,,,,,
アテナインキ,アテナ,インキ,,,,,,,,,,,,,,,,,,
丸善スタンプインキ,丸善,スタンプ,インキ,,,,,,,,,,,,,,,,,
冷えたポンパンのうまさは素敵！,ポンパン,さ,,,,,,,,,,,,,,,,,,
ほうらい足袋,らい,足袋,,,,,,,,,,,,,,,,,,
創業明治八年　島津製作所,創業,明治,島津,製作,所,,,,,,,,,,,,,,,
プラトンインキ,プラトン,インキ,,,,,,,,,,,,,,,,,,
英国製ヒーロー防水靴クリーム,英国,製,ヒーロー,防水,靴,クリーム,,,,,,,,,,,,,,
町野金物店,町野,金物,店,,,,,,,,,,,,,,,,,
フライト,フライト,,,,,,,,,,,,,,,,,,,
安全スベリ止,安全,スベリ,止,,,,,,,,,,,,,,,,,
田沢除蝿粉,田沢,蝿,粉,,,,,,,,,,,,,,,,,
二色蚊とり線香　キング,二,色,蚊とり,線香,キング,,,,,,,,,,,,,,,
函館名物　五稜郭漬,函館,名物,五稜郭,漬,,,,,,,,,,,,,,,,
ハアマアー鉛筆,ハアマアー,鉛筆,,,,,,,,,,,,,,,,,,
時計ビスケ,時計,ビスケ,,,,,,,,,,,,,,,,,,
CHEF SOUPS,CHEF,SOUPS,,,,,,,,,,,,,,,,,,
登録商標　花の雲,登録,商標,花,雲,,,,,,,,,,,,,,,,
極東　コーヒー牛乳,極東,コーヒー,牛乳,,,,,,,,,,,,,,,,,
ロンドインキ,ロンド,インキ,,,,,,,,,,,,,,,,,,
台湾ぽんかん,台湾,ぽんかん,,,,,,,,,,,,,,,,,,
ブルドックソース,ブルドック,ソース,,,,,,,,,,,,,,,,,,
羊肉ハ肉ノ王,羊肉,ハ,肉,王,,,,,,,,,,,,,,,,
新田貴金属店,新田,金属,店,,,,,,,,,,,,,,,,,
地図,地図,,,,,,,,,,,,,,,,,,,
道政の重点,道政,重点,,,,,,,,,,,,,,,,,,
学童壁新聞,学童,壁,新聞,,,,,,,,,,,,,,,,,
郵便壁新聞,郵便,壁,新聞,,,,,,,,,,,,,,,,,
風雪百年輝く未来　１～２,風雪,未来,,,,,,,,,,,,,,,,,,
国土緑化推進委員会,国土,緑化,推進,委員,会,,,,,,,,,,,,,,,
教育委員会選挙　１～２,教育,委員,会,選挙,,,,,,,,,,,,,,,,
矯正保護強調運動,矯正,保護,強調,運動,,,,,,,,,,,,,,,,
教育委員会選挙,教育,委員,会,選挙,,,,,,,,,,,,,,,,
婦人週間,婦人,週間,,,,,,,,,,,,,,,,,,
フォトニュース　１～２,フォト,ニュース,,,,,,,,,,,,,,,,,,
地方税法　１～３,地方,税,法,,,,,,,,,,,,,,,,,
北海道かべ新聞　１～２,北海道,かべ,新聞,,,,,,,,,,,,,,,,,
壁新聞Ｎｏ５０,壁,新聞,Ｎｏ,,,,,,,,,,,,,,,,,
北海道かべ新聞Ｎｏ２１,北海道,かべ,新聞,Ｎｏ,,,,,,,,,,,,,,,,
かべ新聞Ｎｏ４１,かべ,新聞,Ｎｏ,,,,,,,,,,,,,,,,,
かべ新聞Ｎｏ４０,かべ,新聞,Ｎｏ,,,,,,,,,,,,,,,,,
かべ新聞Ｎｏ４６,かべ,新聞,Ｎｏ,,,,,,,,,,,,,,,,,
北海道かべ新聞Ｎｏ２２,北海道,かべ,新聞,Ｎｏ,,,,,,,,,,,,,,,,
時事写真ニュース,時事,写真,ニュース,,,,,,,,,,,,,,,,,
科学技術週間,科学,技術,週間,,,,,,,,,,,,,,,,,
電気ものしり教室Ｎｏ１,電気,しり,教室,Ｎｏ,,,,,,,,,,,,,,,,
函館市の財政　１～３,函館,市,財政,,,,,,,,,,,,,,,,,
フォトニュース,フォト,ニュース,,,,,,,,,,,,,,,,,,
赤十字フォートニュース　Ｎｏ８６－１,赤十字,フォート,ニュース,Ｎｏ,,,,,,,,,,,,,,,,
赤十字フォートニュースＮｏ８５,赤十字,フォート,ニュース,Ｎｏ,,,,,,,,,,,,,,,,
赤十字フォートニュース　Ｎｏ８５～２,赤十字,フォート,ニュース,Ｎｏ,,,,,,,,,,,,,,,,
赤十字フォートニュース　Ｎｏ８５～１,赤十字,フォート,ニュース,Ｎｏ,,,,,,,,,,,,,,,,
赤十字フォートニュース　Ｎｏ８６－２,赤十字,フォート,ニュース,Ｎｏ,,,,,,,,,,,,,,,,
交通ニュース,交通,ニュース,,,,,,,,,,,,,,,,,,
協賛マーク,協賛,マーク,,,,,,,,,,,,,,,,,,
正しい人体寄生虫の知識　１～２,人体,寄生,虫,知識,,,,,,,,,,,,,,,,
フォトニュース,フォト,ニュース,,,,,,,,,,,,,,,,,,
市立保健所　１～２,市,立,保健,所,,,,,,,,,,,,,,,,
北海道夢の観光コース,北海道,夢,観光,コース,,,,,,,,,,,,,,,,
スポーツ教室の開設,スポーツ,教室,開設,,,,,,,,,,,,,,,,,
北海道百年記念事業,北海道,記念,事業,,,,,,,,,,,,,,,,,
函館市の財政　１～２,函館,市,財政,,,,,,,,,,,,,,,,,
大蔵省・通貨安定対策本部,大蔵,省,通貨,安定,対策,本部,,,,,,,,,,,,,,
生産第一,生産,一,,,,,,,,,,,,,,,,,,
北海道かべ新聞Ｎｏ１,北海道,かべ,新聞,Ｎｏ,,,,,,,,,,,,,,,,
北海道かべ新聞,北海道,かべ,新聞,,,,,,,,,,,,,,,,,
北海道かべ新聞　Ｎｏ７,北海道,かべ,新聞,Ｎｏ,,,,,,,,,,,,,,,,
北海道かべ新聞Ｎｏ１５,北海道,かべ,新聞,Ｎｏ,,,,,,,,,,,,,,,,
北海道かべ新聞Ｎｏ１６,北海道,かべ,新聞,Ｎｏ,,,,,,,,,,,,,,,,
北海道かべ新聞Ｎｏ１８,北海道,かべ,新聞,Ｎｏ,,,,,,,,,,,,,,,,
北海道かべ新聞Ｎｏ１９,北海道,かべ,新聞,Ｎｏ,,,,,,,,,,,,,,,,
北海道かべ新聞Ｎｏ１３　１～２,北海道,かべ,新聞,Ｎｏ,,,,,,,,,,,,,,,,
北海道百年,北海道,,,,,,,,,,,,,,,,,,,
ホソイ商店,ホソイ,商店,,,,,,,,,,,,,,,,,,
御誂ふとん,誂,,,,,,,,,,,,,,,,,,,
蚊帳宣伝福引大売出し,蚊帳,宣伝,福引,売出し,,,,,,,,,,,,,,,,
かやは麻,かや,麻,,,,,,,,,,,,,,,,,,
西川商店,西川,商店,,,,,,,,,,,,,,,,,,
西川,西川,,,,,,,,,,,,,,,,,,,
西川,西川,,,,,,,,,,,,,,,,,,,
西川,西川,,,,,,,,,,,,,,,,,,,
水道週間,水道,週間,,,,,,,,,,,,,,,,,,
WORLD FOOD FESTIVAL,WORLD,FOOD,FESTIVAL,,,,,,,,,,,,,,,,,
函館市環境部,函館,市,環境,部,,,,,,,,,,,,,,,,
市立函館博物館五稜郭分館,市,立,函館,博物,館,五稜郭,分館,,,,,,,,,,,,,
水道１００年展,水道,展,,,,,,,,,,,,,,,,,,
JUNO'S JAPAN '88,JUNO,S,JAPAN,,,,,,,,,,,,,,,,,
JUNO'S JAPAN'88　[カレンダー],JUNO,S,JAPAN,カレンダー,,,,,,,,,,,,,,,,
函館港まつり,函館,港,まつり,,,,,,,,,,,,,,,,,
仙台屋,仙台,屋,,,,,,,,,,,,,,,,,,
芽原商店,芽原,商店,,,,,,,,,,,,,,,,,,
森田商店,森田,商店,,,,,,,,,,,,,,,,,,
金久三年味噌,金久,味噌,,,,,,,,,,,,,,,,,,
太平商店,太平,商店,,,,,,,,,,,,,,,,,,
養和軒,養和,軒,,,,,,,,,,,,,,,,,,
細居商店,細居,商店,,,,,,,,,,,,,,,,,,
金久三年味噌,金久,味噌,,,,,,,,,,,,,,,,,,
中村酒店,中村,酒,店,,,,,,,,,,,,,,,,,
白牡丹商補,白,牡丹,商,,,,,,,,,,,,,,,,,
小西商店,小西,商店,,,,,,,,,,,,,,,,,,
金久三年味噌,金久,味噌,,,,,,,,,,,,,,,,,,
函館森屋,函館,森屋,,,,,,,,,,,,,,,,,,
西陣織元呉服店,西陣,織,呉服,店,,,,,,,,,,,,,,,,
鈴木商店,鈴木,商店,,,,,,,,,,,,,,,,,,
牡丹煙草,牡丹,煙草,,,,,,,,,,,,,,,,,,
千草,千草,,,,,,,,,,,,,,,,,,,
ピンヘット,ヘット,,,,,,,,,,,,,,,,,,,
佐々木商会,佐々木,商会,,,,,,,,,,,,,,,,,,
アルファ自動研安全剃刀,自動,研,安全,剃刀,,,,,,,,,,,,,,,,
鶴々卵石鹸,鶴,卵,石鹸,,,,,,,,,,,,,,,,,
常乃花石鹸,常乃,花,石鹸,,,,,,,,,,,,,,,,,
クラブ美身クリーム,クラブ,美身,クリーム,,,,,,,,,,,,,,,,,
ライオン歯磨,ライオン,歯磨,,,,,,,,,,,,,,,,,,
レート白粉,レート,白粉,,,,,,,,,,,,,,,,,,
浅野物産株式会社,浅野,物産,株式,会社,,,,,,,,,,,,,,,,
期成同盟会,期成,同盟,会,,,,,,,,,,,,,,,,,
親子電球,親子,電球,,,,,,,,,,,,,,,,,,
エビスランプオヤコランプ,エビスランプオヤコランプ,,,,,,,,,,,,,,,,,,,
ナショナル電球,ナショナル,電球,,,,,,,,,,,,,,,,,,
JOIK,JOIK,,,,,,,,,,,,,,,,,,,
柄杓覆,柄杓,,,,,,,,,,,,,,,,,,,
有田商会,有田,商会,,,,,,,,,,,,,,,,,,
白雪コンロ,白雪,コンロ,,,,,,,,,,,,,,,,,,
天女印高級飯蒸器,天女,印,高級,飯,蒸器,,,,,,,,,,,,,,,
ひば材,材,,,,,,,,,,,,,,,,,,,
秋田杉,秋田,杉,,,,,,,,,,,,,,,,,,
ＡＥＧ,AEG,,,,,,,,,,,,,,,,,,,
ＡＥＧ,AEG,,,,,,,,,,,,,,,,,,,
ジー．エス蓄電池,エス,蓄電,池,,,,,,,,,,,,,,,,,
万能レンジ,万能,レンジ,,,,,,,,,,,,,,,,,,
標準飯蒸,標準,飯,蒸,,,,,,,,,,,,,,,,,
事変ニュース放送特設,事変,ニュース,放送,特設,,,,,,,,,,,,,,,,
紐育スタンダード石油会社,紐育,スタンダード,石油,会社,,,,,,,,,,,,,,,,
浅井式湯たんぽ,浅井,式,湯,たんぽ,,,,,,,,,,,,,,,,
日本蓄音器商会,日本,蓄音,器,商会,,,,,,,,,,,,,,,,
特許法史五十年記念会,特許,法,史,記念,会,,,,,,,,,,,,,,,
米井商店,米井,商店,,,,,,,,,,,,,,,,,,
JUNO'S JAPAN 1988,JUNO,S,JAPAN,1988,,,,,,,,,,,,,,,,
火の用心,火,用心,,,,,,,,,,,,,,,,,,
火の用心,火,用心,,,,,,,,,,,,,,,,,,
茂木佐平治醸造,茂木,佐平治,醸造,,,,,,,,,,,,,,,,,
マルモ醤油,マルモ,醤油,,,,,,,,,,,,,,,,,,
金久三年味噌,金久,三,年,味噌,,,,,,,,,,,,,,,,
カギダイ,カギダイ,,,,,,,,,,,,,,,,,,,
サッポロビール,サッポロ,ビール,,,,,,,,,,,,,,,,,,
サクラビール,サクラ,ビール,,,,,,,,,,,,,,,,,,
サクラビール,サクラ,ビール,,,,,,,,,,,,,,,,,,
カブトビール,カブト,ビール,,,,,,,,,,,,,,,,,,
サクラビール,サクラ,ビール,,,,,,,,,,,,,,,,,,
大日本麦酒株式会社,日本,麦酒,株式,会社,,,,,,,,,,,,,,,,
サクラビール,サクラ,ビール,,,,,,,,,,,,,,,,,,
サクラビール,サクラ,ビール,,,,,,,,,,,,,,,,,,
大日本麦酒株式会社,日本,麦酒,株式,会社,,,,,,,,,,,,,,,,
サッポロビール,サッポロ,ビール,,,,,,,,,,,,,,,,,,
桜ビール,桜,ビール,,,,,,,,,,,,,,,,,,
大日本麦酒株式会社,日本,麦酒,株式,会社,,,,,,,,,,,,,,,,
帝国鉱泉株式会社,帝国,鉱泉,株式,会社,,,,,,,,,,,,,,,,
株式会社明治屋,株式,会社,明治,屋,,,,,,,,,,,,,,,,
清涼飲料金線サイダー,清涼,飲料,金線,サイダー,,,,,,,,,,,,,,,,
伊勢山田小川三左衛門商店,伊勢,山田,小川,三,左衛門,商店,,,,,,,,,,,,,,
宮崎葡萄液,宮崎,葡萄,液,,,,,,,,,,,,,,,,,
株式会社明治屋,株式,会社,明治,屋,,,,,,,,,,,,,,,,
帝国鉱泉株式会社,帝国,鉱泉,株式,会社,,,,,,,,,,,,,,,,
サクラビール,サクラ,ビール,,,,,,,,,,,,,,,,,,
[ビール],ビール,,,,,,,,,,,,,,,,,,,
サクラビール　[カレンダー],サクラ,ビール,カレンダー,,,,,,,,,,,,,,,,,
金線サイダー,金線,サイダー,,,,,,,,,,,,,,,,,,
カルピス,カルピス,,,,,,,,,,,,,,,,,,,
ダイヤモンド印,ダイヤモンド,印,,,,,,,,,,,,,,,,,,
キリンビール,キリン,ビール,,,,,,,,,,,,,,,,,,
柳藤吉商店製造,柳,藤吉,商店,製造,,,,,,,,,,,,,,,,
キリンビール,キリン,ビール,,,,,,,,,,,,,,,,,,
株式会社明治屋,株式,会社,明治,屋,,,,,,,,,,,,,,,,
カブトビール,カブト,ビール,,,,,,,,,,,,,,,,,,
サッポロビール,サッポロ,ビール,,,,,,,,,,,,,,,,,,
ミュンヘンビール,ミュンヘン,ビール,,,,,,,,,,,,,,,,,,
大日本麦酒株式会社,日本,麦酒,株式,会社,,,,,,,,,,,,,,,,
サクラビール,サクラ,ビール,,,,,,,,,,,,,,,,,,
サクラビール,サクラ,ビール,,,,,,,,,,,,,,,,,,
ユニオンビール,ユニオン,ビール,,,,,,,,,,,,,,,,,,
サッポロビール,サッポロ,ビール,,,,,,,,,,,,,,,,,,
リボンシトロン,リボン,シトロン,,,,,,,,,,,,,,,,,,
リボンシトロン,リボン,シトロン,,,,,,,,,,,,,,,,,,
サッポロビール,サッポロ,ビール,,,,,,,,,,,,,,,,,,
サッポロビール,サッポロ,ビール,,,,,,,,,,,,,,,,,,
サッポロビール,サッポロ,ビール,,,,,,,,,,,,,,,,,,
サッポロビール,サッポロ,ビール,,,,,,,,,,,,,,,,,,
サッポロビール,サッポロ,ビール,,,,,,,,,,,,,,,,,,
大日本麦酒株式会社,日本,麦酒,株式,会社,,,,,,,,,,,,,,,,
サッポロビール,サッポロ,ビール,,,,,,,,,,,,,,,,,,
サッポロビール,サッポロ,ビール,,,,,,,,,,,,,,,,,,
サッポロビール,サッポロ,ビール,,,,,,,,,,,,,,,,,,
サッポロビール,サッポロ,ビール,,,,,,,,,,,,,,,,,,
ビール,ビール,,,,,,,,,,,,,,,,,,,
サッポロビール,サッポロ,ビール,,,,,,,,,,,,,,,,,,
リボンシトロン,リボン,シトロン,,,,,,,,,,,,,,,,,,
サッポロビール,サッポロ,ビール,,,,,,,,,,,,,,,,,,
サッポロビール,サッポロ,ビール,,,,,,,,,,,,,,,,,,
サッポロビール,サッポロ,ビール,,,,,,,,,,,,,,,,,,
高級飲料,高級,飲料,,,,,,,,,,,,,,,,,,
御大典奉祝には道産酒で乾杯,大典,奉祝,道産,酒,乾杯,,,,,,,,,,,,,,,
キリンビール,キリン,ビール,,,,,,,,,,,,,,,,,,
ビタミンビール,ビタミン,ビール,,,,,,,,,,,,,,,,,,
サッポロ黒ビール,サッポロ,黒,ビール,,,,,,,,,,,,,,,,,
ビール展覧会,ビール,展覧,会,,,,,,,,,,,,,,,,,
リボンシトロンナポリン,リボン,シトロン,ナポリン,,,,,,,,,,,,,,,,,
リボンシトロンナポリン,リボン,シトロン,ナポリン,,,,,,,,,,,,,,,,,
清涼飲料シトロン,清涼,飲料,シトロン,,,,,,,,,,,,,,,,,
大日本麦酒株式会社,日本,麦酒,株式,会社,,,,,,,,,,,,,,,,
大日本麦酒株式会社製造,日本,麦酒,株式,会社,製造,,,,,,,,,,,,,,,
リボンシトロン,リボン,シトロン,,,,,,,,,,,,,,,,,,
大日本麦酒株式会社製造,日本,麦酒,株式,会社,製造,,,,,,,,,,,,,,,
THE DAINIPPON BEER CO.LTC,THE,DAI,NIPPON,BEER,CO,LTC,,,,,,,,,,,,,,
大日本麦酒株式会社製造,日本,麦酒,株式,会社,製造,,,,,,,,,,,,,,,
リボンシトロン,リボン,シトロン,,,,,,,,,,,,,,,,,,
[着物姿で腰板に寄りかかる女性],着物,姿,腰板,女性,,,,,,,,,,,,,,,,
清涼飲料シトロン,清涼,飲料,シトロン,,,,,,,,,,,,,,,,,
大日本麦酒株式会社,日本,麦酒,株式,会社,,,,,,,,,,,,,,,,
北長,北長,,,,,,,,,,,,,,,,,,,
[着物姿で本を読む女性],着物,姿,本,女性,,,,,,,,,,,,,,,,
両関,関,,,,,,,,,,,,,,,,,,,
吟味追分豆,吟味,追分,豆,,,,,,,,,,,,,,,,,
大塚合名会社醸,大塚,合名,会社,醸,,,,,,,,,,,,,,,,
清酒金露大塚醸,清酒,金,露,大塚,醸,,,,,,,,,,,,,,,
清酒東洋,清酒,東洋,,,,,,,,,,,,,,,,,,
清酒金露大塚醸,清酒,金,露,大塚,醸,,,,,,,,,,,,,,,
日本清酒株式会社,日本,清酒,株式,会社,,,,,,,,,,,,,,,,
井谷安次郎,井谷,安次郎,,,,,,,,,,,,,,,,,,
清酒日本盛,清酒,日本,盛,,,,,,,,,,,,,,,,,
大塚合名会社吟醸,大塚,合名,会社,吟醸,,,,,,,,,,,,,,,,
キンシ正宗堀野醸,キン,シ,正宗,堀野,醸,,,,,,,,,,,,,,,
銘酒初雪小西醸,銘酒,初雪,小西,醸,,,,,,,,,,,,,,,,
石崎合資会社,石崎,合資,会社,,,,,,,,,,,,,,,,,
正宗,正宗,,,,,,,,,,,,,,,,,,,
さくらまさむね,さくら,,,,,,,,,,,,,,,,,,,
銘酒白鹿,銘酒,白鹿,,,,,,,,,,,,,,,,,,
清酒白鹿醸造元辰馬総本家,清酒,白鹿,醸造,辰馬,本家,,,,,,,,,,,,,,,
山邑東京出張所,山邑,東京,出張,所,,,,,,,,,,,,,,,,
正宗の元祖のさくら正宗,正宗,元祖,さくら,正宗,,,,,,,,,,,,,,,,
優等清酒,清酒,,,,,,,,,,,,,,,,,,,
さくらまさむね,さくら,,,,,,,,,,,,,,,,,,,
さくらまさむね,さくら,,,,,,,,,,,,,,,,,,,
清酒白鶴,清酒,白鶴,,,,,,,,,,,,,,,,,,
本嘉納商店,嘉納,商店,,,,,,,,,,,,,,,,,,
優等清酒富久娘,清酒,富久,娘,,,,,,,,,,,,,,,,,
本嘉納商店,嘉納,商店,,,,,,,,,,,,,,,,,,
[着物姿で腰板に寄りかかる女性],着物,姿,腰板,女性,,,,,,,,,,,,,,,,
宅合名会社,宅,合名,会社,,,,,,,,,,,,,,,,,
宅合名会社,宅,合名,会社,,,,,,,,,,,,,,,,,
銀金泉正宗,銀,金泉,正宗,,,,,,,,,,,,,,,,,
清酒月桂冠,清酒,月桂,冠,,,,,,,,,,,,,,,,,
銘酒五稜正宗,銘酒,五稜,正宗,,,,,,,,,,,,,,,,,
KIKU-MASAMUNE,KIKU,MASAMUNE,,,,,,,,,,,,,,,,,,
銘酒白鹿,銘酒,白鹿,,,,,,,,,,,,,,,,,,
白鹿,白鹿,,,,,,,,,,,,,,,,,,,
白鹿,白鹿,,,,,,,,,,,,,,,,,,,
さくらまさむね,さくら,,,,,,,,,,,,,,,,,,,
さくらまさむね,さくら,,,,,,,,,,,,,,,,,,,
朗らかな醉　飲むなら焼酎,醉,焼酎,,,,,,,,,,,,,,,,,,
辰馬総本家,辰馬,本家,,,,,,,,,,,,,,,,,,
朗らかな醉　飲むなら焼酎,醉,焼酎,,,,,,,,,,,,,,,,,,
キッコウショウ,キッコウショウ,,,,,,,,,,,,,,,,,,,
一番喜ばれる年末年始御贈答品,年末,年始,贈答,品,,,,,,,,,,,,,,,,
優等清酒桜正宗,清酒,桜,正宗,,,,,,,,,,,,,,,,,
醸造元千葉県野田町茂木佐平治,醸造,千葉,県,野田町,茂木,佐平治,,,,,,,,,,,,,,
山邑太左衛門,山邑,太,左衛門,,,,,,,,,,,,,,,,,
清酒白鶴,清酒,白鶴,,,,,,,,,,,,,,,,,,
FUKUMUSUME-SAKE,FUKUMUSUME,SAKE,,,,,,,,,,,,,,,,,,
大日本優等清酒,日本,清酒,,,,,,,,,,,,,,,,,,
明治製糖公司,明治,製糖,公司,,,,,,,,,,,,,,,,,
カクザトウ,カクザトウ,,,,,,,,,,,,,,,,,,,
塩水港製糖株式会社,塩水,港,製糖,株式,会社,,,,,,,,,,,,,,,
塩水港製糖株式会社,塩水,港,製糖,株式,会社,,,,,,,,,,,,,,,
台湾製糖株式会社,台湾,製糖,株式,会社,,,,,,,,,,,,,,,,
大日本製糖株式会社,日本,製糖,株式,会社,,,,,,,,,,,,,,,,
大日本製糖株式会社,日本,製糖,株式,会社,,,,,,,,,,,,,,,,
大日本製糖株式会社,日本,製糖,株式,会社,,,,,,,,,,,,,,,,
大日本製糖株式会社,日本,製糖,株式,会社,,,,,,,,,,,,,,,,
大日本製糖公司,日本,製糖,公司,,,,,,,,,,,,,,,,,
大日本製糖株式会社,日本,製糖,株式,会社,,,,,,,,,,,,,,,,
大日本製糖株式会社,日本,製糖,株式,会社,,,,,,,,,,,,,,,,
大日本製糖株式会社,日本,製糖,株式,会社,,,,,,,,,,,,,,,,
東亜麺粉公司,東亜,麺粉,公司,,,,,,,,,,,,,,,,,
株式会社増田製粉所,株式,会社,増田,製粉,所,,,,,,,,,,,,,,,
札幌製粉株式会社,札幌,製粉,株式,会社,,,,,,,,,,,,,,,,
製糖株式会社,製糖,株式,会社,,,,,,,,,,,,,,,,,
明治製糖株式会社,明治,製糖,株式,会社,,,,,,,,,,,,,,,,
アメチヨコ,アメ,チヨコ,,,,,,,,,,,,,,,,,,
バンザイ,バンザイ,,,,,,,,,,,,,,,,,,,
フルヤのウインターキヤラメル,フルヤ,ウインターキヤラメル,,,,,,,,,,,,,,,,,,
フルヤのキャラメル,フルヤ,キャラメル,,,,,,,,,,,,,,,,,,
巴堂,巴,堂,,,,,,,,,,,,,,,,,,
三度の御飯はタイム式精米にかぎる,御飯,タイム,式,精米,,,,,,,,,,,,,,,,
ほうじ茶森永宇治かほる,ほうじ茶,森永,宇治,かほる,,,,,,,,,,,,,,,,
精米販売萩原商店,精米,販売,萩原,商店,,,,,,,,,,,,,,,,
森永の菓子,森永,菓子,,,,,,,,,,,,,,,,,,
森永の菓子,森永,菓子,,,,,,,,,,,,,,,,,,
水無飴,水無,飴,,,,,,,,,,,,,,,,,,
水無飴,水無,飴,,,,,,,,,,,,,,,,,,
君魚焼,魚,焼,,,,,,,,,,,,,,,,,,
森永ミルク森永ドライミルク,森永,ミルク,森永,ミルク,,,,,,,,,,,,,,,,
新案ビスケット元祖栄泉堂,新案,ビスケット,元祖,栄泉,堂,,,,,,,,,,,,,,,
優良煎茶長寿楽,煎茶,長寿,楽,,,,,,,,,,,,,,,,,
森永ココアミルク,森永,ココア,ミルク,,,,,,,,,,,,,,,,,
HOT MILP,HOT,MILP,,,,,,,,,,,,,,,,,,
強力葡萄糖液状,葡萄,糖,液状,,,,,,,,,,,,,,,,,
森永ミルク,森永,ミルク,,,,,,,,,,,,,,,,,,
登録商標きびだんご粉,登録,商標,きび,だんご,粉,,,,,,,,,,,,,,,
二千円大懸賞,懸賞,,,,,,,,,,,,,,,,,,,
森永ゼリビンズ,森永,ゼリビンズ,,,,,,,,,,,,,,,,,,
森永ベルトライン,森永,ベルト,ライン,,,,,,,,,,,,,,,,,
森永バナナ,森永,バナナ,,,,,,,,,,,,,,,,,,
森永コンサート,森永,コンサート,,,,,,,,,,,,,,,,,,
グリコアメ,グリコ,アメ,,,,,,,,,,,,,,,,,,
リグレース．チューインガム,リグ,レース,チューインガム,,,,,,,,,,,,,,,,,
森永ドロップス,森永,ドロップス,,,,,,,,,,,,,,,,,,
中外の菓子,中外,菓子,,,,,,,,,,,,,,,,,,
ホマレウェーファース,ホマレウェーファース,,,,,,,,,,,,,,,,,,,
ミルクヨーラス,ミルクヨーラス,,,,,,,,,,,,,,,,,,,
今村のチョコレートアメ,今村,チョコレート,アメ,,,,,,,,,,,,,,,,,
カステーラ,カステーラ,,,,,,,,,,,,,,,,,,,
南満州鉄道株式会社,南,満州,鉄道,株式,会社,,,,,,,,,,,,,,,
衛生的改良箱詰潮鮭鱒,衛生,的,改良,箱詰,潮,鮭,鱒,,,,,,,,,,,,,
日魯の筋子,日,魯,筋子,,,,,,,,,,,,,,,,,
栖原択捉漁場特産箱入鱒,栖原,択捉,漁場,特産,箱入,鱒,,,,,,,,,,,,,,
栖原択捉漁場特産箱入鱒,栖原,択捉,漁場,特産,箱入,鱒,,,,,,,,,,,,,,
日魯の鮭,日,魯,鮭,,,,,,,,,,,,,,,,,
FAMOUS GEISHA CRAB MEAT,FAMOUS,GEISHA,CRAB,MEAT,,,,,,,,,,,,,,,,
北日本汽船株式会社,北,日本,汽船,株式,会社,,,,,,,,,,,,,,,
小さな生命にも思いやる心を,生命,心,,,,,,,,,,,,,,,,,,
近海郵船株式会社　[カレンダー],近海,郵船,株式,会社,カレンダー,,,,,,,,,,,,,,,
日本輸出主要品番付,日本,輸出,品番,付,,,,,,,,,,,,,,,,
遊ぶ奈良,奈良,,,,,,,,,,,,,,,,,,,
鉄道院所管線路図,鉄道,院,所管,線路,図,,,,,,,,,,,,,,,
鉄道院所管線路図,鉄道,院,所管,線路,図,,,,,,,,,,,,,,,
鉄道院所屬線路図,鉄道,院,所,屬,線路,図,,,,,,,,,,,,,,
鉄道院所屬線路図,鉄道,院,所,屬,線路,図,,,,,,,,,,,,,,
鉄道院所屬線路図,鉄道,院,所,屬,線路,図,,,,,,,,,,,,,,
商工中心会,商工,中心,会,,,,,,,,,,,,,,,,,
商工中心会,商工,中心,会,,,,,,,,,,,,,,,,,
越後直江津名所案内,越後,直江津,名所,案内,,,,,,,,,,,,,,,,
帝国産金,帝国,産金,,,,,,,,,,,,,,,,,,
国産品愛用巡回展覧会,国産,品,愛用,巡回,展覧,会,,,,,,,,,,,,,,
金山労務者採用,金山,労務,者,採用,,,,,,,,,,,,,,,,
復興函館産業第一,復興,函館,産業,一,,,,,,,,,,,,,,,,
北海道庁,北海道,庁,,,,,,,,,,,,,,,,,,
横浜製品宣伝即売会,横浜,製品,宣伝,即売,会,,,,,,,,,,,,,,,
鉱業報国,鉱業,報国,,,,,,,,,,,,,,,,,,
燃料報国,燃料,報国,,,,,,,,,,,,,,,,,,
聖号,聖,号,,,,,,,,,,,,,,,,,,
釧路炭田労務者大募集,釧路,炭田,労務,者,募集,,,,,,,,,,,,,,,
年度末特別貯蓄運動,年度,末,貯蓄,運動,,,,,,,,,,,,,,,,
歳末特別貯蓄運動,歳末,貯蓄,運動,,,,,,,,,,,,,,,,,
”増加所得を貯蓄へ”特別貯蓄運動,増加,所得,貯蓄,貯蓄,運動,,,,,,,,,,,,,,,
自立促進貯蓄運動,自立,促進,貯蓄,運動,,,,,,,,,,,,,,,,
自立促進貯蓄運動,自立,促進,貯蓄,運動,,,,,,,,,,,,,,,,
貯蓄ニュース,貯蓄,ニュース,,,,,,,,,,,,,,,,,,
独立記念,独立,記念,,,,,,,,,,,,,,,,,,
歳末特別貯蓄運動,歳末,貯蓄,運動,,,,,,,,,,,,,,,,,
貯蓄増強中央委員会,貯蓄,増強,中央,委員,会,,,,,,,,,,,,,,,
吹奏楽部演奏会,吹奏,楽,部,演奏,会,,,,,,,,,,,,,,,
8月13日は函館・夜景の日,函館,夜景,日,,,,,,,,,,,,,,,,,
10月17日は貯蓄の日,貯蓄,日,,,,,,,,,,,,,,,,,,
預貯金は無税,預貯金,無税,,,,,,,,,,,,,,,,,,
函館野外劇,函館,野外,劇,,,,,,,,,,,,,,,,,
函館国際イカフォーラム,函館,国際,イカ,フォーラム,,,,,,,,,,,,,,,,
朝日新聞ニュースマップ,朝日,新聞,ニュース,マップ,,,,,,,,,,,,,,,,
お隣も貯蓄しています,隣,貯蓄,,,,,,,,,,,,,,,,,,
水揚代金はひとまず貯蓄へ,水揚,代金,貯蓄,,,,,,,,,,,,,,,,,
国民貯蓄五兆円達成記念,国民,貯蓄,達成,記念,,,,,,,,,,,,,,,,
明るいくらしは貯蓄から,くらし,貯蓄,,,,,,,,,,,,,,,,,,
貯蓄増強国民運動,貯蓄,増強,国民,運動,,,,,,,,,,,,,,,,
朝日ニュース,朝日,ニュース,,,,,,,,,,,,,,,,,,
毎日新聞,毎日,新聞,,,,,,,,,,,,,,,,,,
時事通信フォトサービス,時事,通信,フォト,サービス,,,,,,,,,,,,,,,,
毎日新聞,毎日,新聞,,,,,,,,,,,,,,,,,,
時事通信フォトサービス,時事,通信,フォト,サービス,,,,,,,,,,,,,,,,
毎日新聞,毎日,新聞,,,,,,,,,,,,,,,,,,
毎日新聞,毎日,新聞,,,,,,,,,,,,,,,,,,
時事通信フォトサービス,時事,通信,フォト,サービス,,,,,,,,,,,,,,,,
時事通信フォトサービス,時事,通信,フォト,サービス,,,,,,,,,,,,,,,,
時事通信フォトサービス,時事,通信,フォト,サービス,,,,,,,,,,,,,,,,
時事通信フォトサービス,時事,通信,フォト,サービス,,,,,,,,,,,,,,,,
世界写真だより,世界,写真,,,,,,,,,,,,,,,,,,
世界写真だより,世界,写真,,,,,,,,,,,,,,,,,,
世界写真だより,世界,写真,,,,,,,,,,,,,,,,,,
朝日新聞ニュースマップ,朝日,新聞,ニュース,マップ,,,,,,,,,,,,,,,,
朝日新聞ニュースマップ,朝日,新聞,ニュース,マップ,,,,,,,,,,,,,,,,
朝日新聞ニュースマップ,朝日,新聞,ニュース,マップ,,,,,,,,,,,,,,,,
ダイヤモンドガソリン,ダイヤモンド,ガソリン,,,,,,,,,,,,,,,,,,
第一回全国児童栄養週間,一,回,全国,児童,栄養,週間,,,,,,,,,,,,,,
第四回全国児童栄養週間,四,回,全国,児童,栄養,週間,,,,,,,,,,,,,,
児童愛護週間,児童,愛護,週間,,,,,,,,,,,,,,,,,
乳幼児愛護週間,乳幼児,愛護,週間,,,,,,,,,,,,,,,,,
第二回方面同情週間,二,回,方面,同情,週間,,,,,,,,,,,,,,,
少年保護記念日,少年,保護,記念,日,,,,,,,,,,,,,,,,
赤十字デー,赤十字,デー,,,,,,,,,,,,,,,,,,
市民講座並青年団幹部講習会,市民,講座,並,青年,団,幹部,講習,会,,,,,,,,,,,,
満蒙問題懸賞論文募集,満蒙,問題,懸賞,論文,募集,,,,,,,,,,,,,,,
成人教育講座,成人,教育,講座,,,,,,,,,,,,,,,,,
少年保護記念日,少年,保護,記念,日,,,,,,,,,,,,,,,,
函館市制記念日,函館,市,制,記念,日,,,,,,,,,,,,,,,
市制記念日,市制,記念,日,,,,,,,,,,,,,,,,,
市制記念日,市制,記念,日,,,,,,,,,,,,,,,,,
建国祭,建国,祭,,,,,,,,,,,,,,,,,,
郵便局公債売出し,郵便,局,公債,売出し,,,,,,,,,,,,,,,,
勤業債券売出し,勤,業,債券,売出し,,,,,,,,,,,,,,,,
勤業債券売出し,勤,業,債券,売出し,,,,,,,,,,,,,,,,
郵便局にて公債売出し,郵便,局,公債,売出し,,,,,,,,,,,,,,,,
郵便局にて公債売出し,郵便,局,公債,売出し,,,,,,,,,,,,,,,,
年賀状はお早く,年賀,状,,,,,,,,,,,,,,,,,,
航空郵便開設,航空,郵便,開設,,,,,,,,,,,,,,,,,
年賀郵便はお早く,年賀,郵便,,,,,,,,,,,,,,,,,,
記念切手とスタンプ,記念,切手,スタンプ,,,,,,,,,,,,,,,,,
特別取扱年賀郵便,取扱,年賀,郵便,,,,,,,,,,,,,,,,,
年賀郵便の特別取扱,年賀,郵便,取扱,,,,,,,,,,,,,,,,,
速達郵便,速達,郵便,,,,,,,,,,,,,,,,,,
慶弔電報,慶弔,電報,,,,,,,,,,,,,,,,,,
慶弔電報,慶弔,電報,,,,,,,,,,,,,,,,,,
逓信省,逓信,省,,,,,,,,,,,,,,,,,,
年賀状はお早く,年賀,状,,,,,,,,,,,,,,,,,,
懸賞募集,懸賞,募集,,,,,,,,,,,,,,,,,,
簡易保険,保険,,,,,,,,,,,,,,,,,,,
簡易保険局,保険,局,,,,,,,,,,,,,,,,,,
保険金三十億円,保険,金,,,,,,,,,,,,,,,,,,
簡易保険,保険,,,,,,,,,,,,,,,,,,,
簡易保険は７００円まではいれます,保険,,,,,,,,,,,,,,,,,,,
簡易保険,保険,,,,,,,,,,,,,,,,,,,
簡易保険事業創始記念日十月一日,保険,事業,創始,記念,日,,,,,,,,,,,,,,,
逓信省,逓信,省,,,,,,,,,,,,,,,,,,
簡易保険の効用,保険,効用,,,,,,,,,,,,,,,,,,
図書館記念日昭和14年,図書,館,記念,日,昭和,14,年,,,,,,,,,,,,,
図書館記念日,図書,館,記念,日,,,,,,,,,,,,,,,,
図書館記念日,図書,館,記念,日,,,,,,,,,,,,,,,,
はこだて先住民遺物展,先住,民,遺物,展,,,,,,,,,,,,,,,,
基督教資料,基督,教,資料,,,,,,,,,,,,,,,,,
図書館デー,図書,館,デー,,,,,,,,,,,,,,,,,
図書館週間,図書,館,週間,,,,,,,,,,,,,,,,,
図書館と博物館週間,図書,館,博物,館,週間,,,,,,,,,,,,,,,
更生第１回函館美術展,更生,函館,美術,展,,,,,,,,,,,,,,,,
図書館記念日四月二日,図書,館,記念,日,,,,,,,,,,,,,,,,
御巡幸記念展,巡幸,記念,展,,,,,,,,,,,,,,,,,
読書普及運動,読書,普及,運動,,,,,,,,,,,,,,,,,
国民精神作興,国民,精神,作興,,,,,,,,,,,,,,,,,
図書館と博物館週間,図書,館,博物,館,週間,,,,,,,,,,,,,,,
4月2日第6回図書館記念日,図書,館,記念,日,,,,,,,,,,,,,,,,
佐々木平次郎君ヲ推薦ス,佐々木,平次郎,推薦,,,,,,,,,,,,,,,,,
平出喜三郎君へ,平出,喜三郎,,,,,,,,,,,,,,,,,,
選挙粛正強調週間,選挙,粛正,強調,週間,,,,,,,,,,,,,,,,
黒住成章,黒住,成章,,,,,,,,,,,,,,,,,,
佐々木平次郎君ヲ推薦ス,佐々木,平次郎,推薦,,,,,,,,,,,,,,,,,
加藤貫一,加藤,貫一,,,,,,,,,,,,,,,,,,
林路一,林,路,一,,,,,,,,,,,,,,,,,
檀野礼助,檀野,礼助,,,,,,,,,,,,,,,,,,
高木益太郎,高木,益太郎,,,,,,,,,,,,,,,,,,
選挙粛正棄権防止,選挙,粛正,棄権,防止,,,,,,,,,,,,,,,,
北海道庁警察部,北海道,庁,警察,部,,,,,,,,,,,,,,,,
選挙粛正,選挙,粛正,,,,,,,,,,,,,,,,,,
選挙粛正,選挙,粛正,,,,,,,,,,,,,,,,,,
水産立国ノ為ニ,水産,立国,為,,,,,,,,,,,,,,,,,
民政党・政友会,民政,党,政友,会,,,,,,,,,,,,,,,,
檀野礼助,檀野,礼助,,,,,,,,,,,,,,,,,,
立憲民政党本部,立憲,民政,党,本部,,,,,,,,,,,,,,,,
立憲民政黨本部,立憲,民政,黨,本部,,,,,,,,,,,,,,,,
TEXAS COMPANY,TEXAS,COMPANY,,,,,,,,,,,,,,,,,,
青函間貨車航送記念,青函,間,貨車,航,記念,,,,,,,,,,,,,,,
標語募集,標語,募集,,,,,,,,,,,,,,,,,,
日本輸出入主要品番付,日本,輸出入,品番,付,,,,,,,,,,,,,,,,
函館区役所,函館,区,役所,,,,,,,,,,,,,,,,,
臨時国勢調査,臨時,国勢,調査,,,,,,,,,,,,,,,,,
臨時国勢調査,臨時,国勢,調査,,,,,,,,,,,,,,,,,
時の記念日,時,記念,日,,,,,,,,,,,,,,,,,
国勢調査,国勢,調査,,,,,,,,,,,,,,,,,,
国勢調査,国勢,調査,,,,,,,,,,,,,,,,,,
大正十四年国勢調査,大正,国勢,調査,,,,,,,,,,,,,,,,,
臨時国勢調査,臨時,国勢,調査,,,,,,,,,,,,,,,,,
国勢調査,国勢,調査,,,,,,,,,,,,,,,,,,
GALVER,GALVER,,,,,,,,,,,,,,,,,,,
セロン,セロン,,,,,,,,,,,,,,,,,,,
和洋ボール,和洋,ボール,,,,,,,,,,,,,,,,,,
更生ナル硝子ボール,更生,ナル,硝子,ボール,,,,,,,,,,,,,,,,
専売特許国産ハイスパーワニス,専売,特許,国産,ハイスパーワニス,,,,,,,,,,,,,,,,
台湾檜,台湾,檜,,,,,,,,,,,,,,,,,,
床敷物にはリノリユーム,床,敷物,リノリユーム,,,,,,,,,,,,,,,,,
此の建築と衛生陶器,建築,衛生,陶器,,,,,,,,,,,,,,,,,
昭和八年度に竣功の主要建築物,昭和,竣功,建築,物,,,,,,,,,,,,,,,,
昭和六年度に竣功の主要建築物,昭和,竣功,建築,物,,,,,,,,,,,,,,,,
昭和七年度に竣功の主要建築物,昭和,竣功,建築,物,,,,,,,,,,,,,,,,
昭和八年度に竣功の主要建築物,昭和,竣功,建築,物,,,,,,,,,,,,,,,,
昭和五年度に竣功の主要建築物,昭和,竣功,建築,物,,,,,,,,,,,,,,,,
H.M.C階段辷止金具,H,M,C,階段,止金,具,,,,,,,,,,,,,,
アサヒランプ,アサヒ,ランプ,,,,,,,,,,,,,,,,,,
RED LEAD COMPOSITION,RED,LEAD,COMPOSITION,,,,,,,,,,,,,,,,,
THREE BIRDS,THREE,BIRDS,,,,,,,,,,,,,,,,,,
Shintotoryo,Shintotoryo,,,,,,,,,,,,,,,,,,,
虹印エナメル,虹,印,エナメル,,,,,,,,,,,,,,,,,
毬鳥印エナメル,毬,鳥,印,エナメル,,,,,,,,,,,,,,,,
ハイスパーワニス,ハイスパーワニス,,,,,,,,,,,,,,,,,,,
蛍印エナメル,蛍,印,エナメル,,,,,,,,,,,,,,,,,
時の日,時,日,,,,,,,,,,,,,,,,,,
世界稀有山富貴酸化黄,世界,有山,富貴,酸化,黄,,,,,,,,,,,,,,,
エバコート,エバ,コート,,,,,,,,,,,,,,,,,,
便利瓦,便利,瓦,,,,,,,,,,,,,,,,,,
水性塗料アゾール,水性,塗料,アゾール,,,,,,,,,,,,,,,,,
東洋不動瓦,東洋,不動,瓦,,,,,,,,,,,,,,,,,
函館建具工業組合,函館,建具,工業,組合,,,,,,,,,,,,,,,,
日本トラスコン鋼材株式会社,日本,トラスコン,鋼材,株式,会社,,,,,,,,,,,,,,,
商工省補助,商工,省,補助,,,,,,,,,,,,,,,,,
東郷ハガネ,東郷,ハガネ,,,,,,,,,,,,,,,,,,
太陽印平板浪板,太陽,印,平板,浪板,,,,,,,,,,,,,,,,
天下一品ハートタイヤ,天下,一品,ハート,タイヤ,,,,,,,,,,,,,,,,
ライオン戸車,ライオン,戸車,,,,,,,,,,,,,,,,,,
川本式ポンプ,川本,式,ポンプ,,,,,,,,,,,,,,,,,
ロールマンチョッパー,ロールマンチョッパー,,,,,,,,,,,,,,,,,,,
FOX,FOX,,,,,,,,,,,,,,,,,,,
内外銘木,内外,銘木,,,,,,,,,,,,,,,,,,
ベンチレーター・エルボー,ベンチレーター,エルボー,,,,,,,,,,,,,,,,,,
"”ALPS,ANIMAL""TRAPS",ALPS,ANIMAL,TRAPS,,,,,,,,,,,,,,,,,
"”ALPS,ANIMAL""TRAPS",ALPS,ANIMAL,TRAPS,,,,,,,,,,,,,,,,,
杉本式針金荷造機,杉本,式,針金,荷造,機,,,,,,,,,,,,,,,
佐治タイル,佐治,タイル,,,,,,,,,,,,,,,,,,
日本出版会推薦図書（第一回）　八月,日本,出版,会,推薦,図書,,,,,,,,,,,,,,,
日本出版会推薦図書（第二回）　九月,日本,出版,会,推薦,図書,,,,,,,,,,,,,,,
日本出版会推薦図書（第三回）　十月,日本,出版,会,推薦,図書,,,,,,,,,,,,,,,
日本出版会推薦図書（第四回）　十一月,日本,出版,会,推薦,図書,,,,,,,,,,,,,,,
日本出版会推薦図書（第五回）　十二月,日本,出版,会,推薦,図書,,,,,,,,,,,,,,,
（第六回）　推薦図書　1月,推薦,図書,,,,,,,,,,,,,,,,,,
（第七回）　日本出版会推薦図書　2月,日本,出版,会,推薦,図書,,,,,,,,,,,,,,,
（第九回）日本出版会　推薦図書　4月,日本,出版,会,推薦,図書,,,,,,,,,,,,,,,
（第十回）日本出版会　推薦図書　5月,日本,出版,会,推薦,図書,,,,,,,,,,,,,,,
日本出版文化協会　推薦図書　7月,日本,出版,文化,協会,推薦,図書,,,,,,,,,,,,,,
日本出版文化協会　推薦図書　8月,日本,出版,文化,協会,推薦,図書,,,,,,,,,,,,,,
日本出版文化協会　推薦図書　9月,日本,出版,文化,協会,推薦,図書,,,,,,,,,,,,,,
日本出版文化協会　推薦図書　10月,日本,出版,文化,協会,推薦,図書,,,,,,,,,,,,,,
日本出版文化協会　推薦図書　11月,日本,出版,文化,協会,推薦,図書,,,,,,,,,,,,,,
日本出版文化協会　推薦図書　12月,日本,出版,文化,協会,推薦,図書,,,,,,,,,,,,,,
日本出版文化協会　推薦図書　一月,日本,出版,文化,協会,推薦,図書,,,,,,,,,,,,,,
日本出版文化協会　推薦図書　二月,日本,出版,文化,協会,推薦,図書,,,,,,,,,,,,,,
日本出版文化協会　推薦図書　三月,日本,出版,文化,協会,推薦,図書,,,,,,,,,,,,,,
文部省推薦図書一月,文部,省,推薦,図書,,,,,,,,,,,,,,,,
文部省推薦図書一月,文部,省,推薦,図書,,,,,,,,,,,,,,,,
文部省推薦図書二月,文部,省,推薦,図書,,,,,,,,,,,,,,,,
文部省推薦図書三月,文部,省,推薦,図書,,,,,,,,,,,,,,,,
文部省推薦図書四月,文部,省,推薦,図書,,,,,,,,,,,,,,,,
文部省推薦図書五月,文部,省,推薦,図書,,,,,,,,,,,,,,,,
文部省推薦図書六月,文部,省,推薦,図書,,,,,,,,,,,,,,,,
文部省推薦図書七月,文部,省,推薦,図書,,,,,,,,,,,,,,,,
文部省推薦図書七月　日本出版配給株式会社,文部,省,推薦,図書,日本,出版,配給,株式,会社,,,,,,,,,,,
文部省推薦図書八月　日本出版配給株式会社,文部,省,推薦,図書,日本,出版,配給,株式,会社,,,,,,,,,,,
文部省推薦図書　八月　日本出版配給株式会社,文部,省,推薦,図書,日本,出版,配給,株式,会社,,,,,,,,,,,
文部省推薦図書　九月　日本出版配給株式会社,文部,省,推薦,図書,日本,出版,配給,株式,会社,,,,,,,,,,,
文部省推薦図書　九月　日本出版配給株式会社,文部,省,推薦,図書,日本,出版,配給,株式,会社,,,,,,,,,,,
文部省推薦図書　十月　日本出版株式会社,文部,省,推薦,図書,日本,出版,株式,会社,,,,,,,,,,,,
文部省推薦図書　十月　日本出版株式会社,文部,省,推薦,図書,日本,出版,株式,会社,,,,,,,,,,,,
文部省推薦図書　十一月　日本出版配給株式会社,文部,省,推薦,図書,日本,出版,配給,株式,会社,,,,,,,,,,,
文部省推薦図書　十二月　日本出版配給株式会社,文部,省,推薦,図書,日本,出版,配給,株式,会社,,,,,,,,,,,
文部省推薦図書　十二月　日本出版配給株式会社,文部,省,推薦,図書,日本,出版,配給,株式,会社,,,,,,,,,,,
文部省推薦図書　二月,文部,省,推薦,図書,,,,,,,,,,,,,,,,
文部省推薦図書　四月,文部,省,推薦,図書,,,,,,,,,,,,,,,,
文部省推薦図書　十月　文部省,文部,省,推薦,図書,文部,省,,,,,,,,,,,,,,
文部省推薦図書　三月　文部省,文部,省,推薦,図書,文部,省,,,,,,,,,,,,,,
黒住成章,黒住,成章,,,,,,,,,,,,,,,,,,
黒住成章君,黒住,成章,,,,,,,,,,,,,,,,,,
黒住成章,黒住,成章,,,,,,,,,,,,,,,,,,
神山雄吉,神山,雄吉,,,,,,,,,,,,,,,,,,
選挙の心得,選挙,心得,,,,,,,,,,,,,,,,,,
内務省,内務,省,,,,,,,,,,,,,,,,,,
北海道庁,北海道,庁,,,,,,,,,,,,,,,,,,
普選,普,選,,,,,,,,,,,,,,,,,,
平出喜三郎,平出,喜三郎,,,,,,,,,,,,,,,,,,
平出喜三郎君,平出,喜三郎,,,,,,,,,,,,,,,,,,
平出喜三郎君へ,平出,喜三郎,,,,,,,,,,,,,,,,,,
平出喜三郎君へ,平出,喜三郎,,,,,,,,,,,,,,,,,,
立憲民政党本部,立憲,民政,党,本部,,,,,,,,,,,,,,,,
民政党・政友会,民政,党,政友,会,,,,,,,,,,,,,,,,
立憲民政党本部,立憲,民政,党,本部,,,,,,,,,,,,,,,,
加藤貫一,加藤,貫一,,,,,,,,,,,,,,,,,,
政友会,政友,会,,,,,,,,,,,,,,,,,,
立憲政友会,立憲,政友,会,,,,,,,,,,,,,,,,,
松野喜内,松野,喜内,,,,,,,,,,,,,,,,,,
貴下の一票は松之喜内へ,一,票,松之,喜,内,,,,,,,,,,,,,,,
水上嘉一郎,水上,嘉一郎,,,,,,,,,,,,,,,,,,
神山雄吉,神山,雄吉,,,,,,,,,,,,,,,,,,
水上嘉一郎,水上,嘉一郎,,,,,,,,,,,,,,,,,,
地租委譲！,地租,委譲,,,,,,,,,,,,,,,,,,
寺部頼助,寺部,頼助,,,,,,,,,,,,,,,,,,
五来欣造,五来,欣造,,,,,,,,,,,,,,,,,,
中川原貞機,中川原,貞,機,,,,,,,,,,,,,,,,,
中川原貞機,中川原,貞,機,,,,,,,,,,,,,,,,,
高木益太郎,高木,益太郎,,,,,,,,,,,,,,,,,,
安部磯雄,安部,磯雄,,,,,,,,,,,,,,,,,,
黒住成章君,黒住,成章,,,,,,,,,,,,,,,,,,
佐々木平次郎君ヲ推薦ス,佐々木,平次郎,推薦,,,,,,,,,,,,,,,,,
佐々木平次郎君ヲ推薦ス,佐々木,平次郎,推薦,,,,,,,,,,,,,,,,,
東武君,東武,,,,,,,,,,,,,,,,,,,
東武君へ！,東武,,,,,,,,,,,,,,,,,,,
吾等の代表東武君へ！,等,代表,東武,,,,,,,,,,,,,,,,,
檀野礼助,檀野,礼助,,,,,,,,,,,,,,,,,,
檀野礼助,檀野,礼助,,,,,,,,,,,,,,,,,,
檀野礼助君,檀野,礼助,,,,,,,,,,,,,,,,,,
林路一,林,路,一,,,,,,,,,,,,,,,,,
三井徳寳君,三井,徳,寳,,,,,,,,,,,,,,,,,
三井徳宝,三井,徳宝,,,,,,,,,,,,,,,,,,
三井徳宝先生,三井,徳宝,先生,,,,,,,,,,,,,,,,,
三井徳宝推薦,三井,徳宝,推薦,,,,,,,,,,,,,,,,,
三井徳宝君応援演説会,三井,徳宝,応援,演説,会,,,,,,,,,,,,,,,
生徒募集横浜専門学校,生徒,募集,横浜,専門,学校,,,,,,,,,,,,,,,
生徒募集横浜専門学校,生徒,募集,横浜,専門,学校,,,,,,,,,,,,,,,
横浜専門学校給費生募集,横浜,専門,学校,給費,生,募集,,,,,,,,,,,,,,
生徒募集横浜専門学校,生徒,募集,横浜,専門,学校,,,,,,,,,,,,,,,
生徒募集岐阜薬学専門学校,生徒,募集,岐阜,薬学,専門,学校,,,,,,,,,,,,,,
海軍志願兵募集,海軍,志願,兵,募集,,,,,,,,,,,,,,,,
昭和十一年学生募集,昭和,学生,募集,,,,,,,,,,,,,,,,,
東京大東文化学院,東京,大東,文化,学院,,,,,,,,,,,,,,,,
生徒募集,生徒,募集,,,,,,,,,,,,,,,,,,
東京大東文化学院,東京,大東,文化,学院,,,,,,,,,,,,,,,,
航空機機関生徒募集,航空,機,機関,生徒,募集,,,,,,,,,,,,,,,
生徒募集,生徒,募集,,,,,,,,,,,,,,,,,,
官立富山薬学専門学校,官立,富山,薬学,専門,学校,,,,,,,,,,,,,,,
名古屋薬学専門学校生徒募集,名古屋,薬学,専門,学校,生徒,募集,,,,,,,,,,,,,,
学生募集,学生,募集,,,,,,,,,,,,,,,,,,
学生募集,学生,募集,,,,,,,,,,,,,,,,,,
生徒募集,生徒,募集,,,,,,,,,,,,,,,,,,
昭和十二年立教大学,昭和,立教,大学,,,,,,,,,,,,,,,,,
昭和十一年立教大学,昭和,立教,大学,,,,,,,,,,,,,,,,,
海軍少年航空兵募集,海軍,少年,航空,兵,募集,,,,,,,,,,,,,,,
航空機機関生募集,航空,機,機関,生,募集,,,,,,,,,,,,,,,
生徒募集,生徒,募集,,,,,,,,,,,,,,,,,,
三田英語学校,三田,英語,学校,,,,,,,,,,,,,,,,,
ともえ幼稚園,ともえ,園,,,,,,,,,,,,,,,,,,
東京市下谷商業学校生徒募集,東京,市,下谷,商業,学校,生徒,募集,,,,,,,,,,,,,
公立岐阜薬学専門学校,公立,岐阜,薬学,専門,学校,,,,,,,,,,,,,,,
横浜関東学院高等商業部,横浜,関東,学院,商業,部,,,,,,,,,,,,,,,
生徒募集,生徒,募集,,,,,,,,,,,,,,,,,,
会員大募集,会員,募集,,,,,,,,,,,,,,,,,,
同志社大学予科学生募集,同志社,大学,予科,学生,募集,,,,,,,,,,,,,,,
昭和医学専門学校生徒募集,昭和,医学,専門,学校,生徒,募集,,,,,,,,,,,,,,
高松高等商業学校,高松,商業,学校,,,,,,,,,,,,,,,,,
関東学院高等商業部,関東,学院,商業,部,,,,,,,,,,,,,,,,
生徒募集,生徒,募集,,,,,,,,,,,,,,,,,,
官立富山薬学専門学校,官立,富山,薬学,専門,学校,,,,,,,,,,,,,,,
巣鴨高等商業学校,巣鴨,商業,学校,,,,,,,,,,,,,,,,,
官立富山薬学専門学校,官立,富山,薬学,専門,学校,,,,,,,,,,,,,,,
独逸語講習会,独逸,語,講習,会,,,,,,,,,,,,,,,,
生徒募集,生徒,募集,,,,,,,,,,,,,,,,,,
生徒募集,生徒,募集,,,,,,,,,,,,,,,,,,
横浜専門学校,横浜,専門,学校,,,,,,,,,,,,,,,,,
官立富山薬学専門学校,官立,富山,薬学,専門,学校,,,,,,,,,,,,,,,
官立富山薬学専門学校,官立,富山,薬学,専門,学校,,,,,,,,,,,,,,,
官立富山薬学専門学校,官立,富山,薬学,専門,学校,,,,,,,,,,,,,,,
航空機機関生募集,航空,機,機関,生,募集,,,,,,,,,,,,,,,
学生募集,学生,募集,,,,,,,,,,,,,,,,,,
巣鴨高等商業学校,巣鴨,商業,学校,,,,,,,,,,,,,,,,,
生徒募集,生徒,募集,,,,,,,,,,,,,,,,,,
上田蠶絲専門学校,上田,蠶絲,専門,学校,,,,,,,,,,,,,,,,
中等学校懸賞論文大募集,中等,学校,懸賞,論文,募集,,,,,,,,,,,,,,,
高崎高等農林学校,高崎,農林,学校,,,,,,,,,,,,,,,,,
公立大邱医学専門学校,公立,大邱,医学,専門,学校,,,,,,,,,,,,,,,
第三拓殖訓練所,拓殖,訓練,所,,,,,,,,,,,,,,,,,
立教大学,立教,大学,,,,,,,,,,,,,,,,,,
岐阜薬学専門学校,岐阜,薬学,専門,学校,,,,,,,,,,,,,,,,
文部省直轄富山薬学専門学校,文部,省,直轄,富山,薬学,専門,学校,,,,,,,,,,,,,
文部省直轄富山薬学専門学校,文部,省,直轄,富山,薬学,専門,学校,,,,,,,,,,,,,
立教大学学生募集,立教,大学,学生,募集,,,,,,,,,,,,,,,,
新宿高等予備校,新宿,予備,校,,,,,,,,,,,,,,,,,
立教大学学生募集,立教,大学,学生,募集,,,,,,,,,,,,,,,,
海外学校,海外,学校,,,,,,,,,,,,,,,,,,
夜間中学,夜間,中学,,,,,,,,,,,,,,,,,,
中野高等無線電信学校,中野,高,等,無線,電信,学校,,,,,,,,,,,,,,
昭和医学専門学校,昭和,医学,専門,学校,,,,,,,,,,,,,,,,
明治学院生徒募集,明治,学院,生徒,募集,,,,,,,,,,,,,,,,
大東文化学院,大東,文化,学院,,,,,,,,,,,,,,,,,
専修大学,専修,大学,,,,,,,,,,,,,,,,,,
高圧線,高圧,線,,,,,,,,,,,,,,,,,,
二大名作新版封切,二,名作,新版,封切,,,,,,,,,,,,,,,,
永遠の戦場,永遠,戦場,,,,,,,,,,,,,,,,,,
キングコング,キング,コング,,,,,,,,,,,,,,,,,,
マヅルカ,マヅルカ,,,,,,,,,,,,,,,,,,,
国定忠次,国定,忠次,,,,,,,,,,,,,,,,,,
召集令,召集,令,,,,,,,,,,,,,,,,,,
貞操問答,貞操,問答,,,,,,,,,,,,,,,,,,
福島競馬,福島,競馬,,,,,,,,,,,,,,,,,,
嵐の三色旗,嵐,三,色,旗,,,,,,,,,,,,,,,,
月形半平太,月形,半平太,,,,,,,,,,,,,,,,,,
子は誰のもの,子,もの,,,,,,,,,,,,,,,,,,
真実一路大会,真実,一路,大会,,,,,,,,,,,,,,,,,
宝の山,宝,山,,,,,,,,,,,,,,,,,,
悪魔の人形,悪魔,人形,,,,,,,,,,,,,,,,,,
大都会の戦慄,都会,戦慄,,,,,,,,,,,,,,,,,,
泣虫小僧,泣,虫,小僧,,,,,,,,,,,,,,,,,
大森林,森林,,,,,,,,,,,,,,,,,,,
新版ベンガルの槍騎兵,新版,ベンガル,槍,騎兵,,,,,,,,,,,,,,,,
血の敵,血,敵,,,,,,,,,,,,,,,,,,
奴隷船,奴隷,船,,,,,,,,,,,,,,,,,,
母の曲,母,曲,,,,,,,,,,,,,,,,,,
オーケストラの少女,オーケストラ,少女,,,,,,,,,,,,,,,,,,
武?少年,武,少年,,,,,,,,,,,,,,,,,,
リゴレット,リゴレット,,,,,,,,,,,,,,,,,,,
不良青年,不良,青年,,,,,,,,,,,,,,,,,,
良人の貞操大会,良人,貞操,大会,,,,,,,,,,,,,,,,,
君と踊れば,,,,,,,,,,,,,,,,,,,,
ジーグフェルド,ジーグフェルド,,,,,,,,,,,,,,,,,,,
母の曲,母,曲,,,,,,,,,,,,,,,,,,
銀映座欧州名画祭,銀,座,欧州,名画,祭,,,,,,,,,,,,,,,
びっくり人生,びっくり,人生,,,,,,,,,,,,,,,,,,
鶯,鶯,,,,,,,,,,,,,,,,,,,
颱風,颱風,,,,,,,,,,,,,,,,,,,
エノケンの法界坊,エノケン,法界,坊,,,,,,,,,,,,,,,,,
風車,風車,,,,,,,,,,,,,,,,,,,
巨人伝,巨人,伝,,,,,,,,,,,,,,,,,,
生きてゐるモレア,モレア,,,,,,,,,,,,,,,,,,,
エノケンの風来坊,エノケン,風来,坊,,,,,,,,,,,,,,,,,
勝閧,勝,閧,,,,,,,,,,,,,,,,,,
十字砲火,十字,砲火,,,,,,,,,,,,,,,,,,
赤ちゃん,赤ちゃん,,,,,,,,,,,,,,,,,,,
上海,上海,,,,,,,,,,,,,,,,,,,
空中世界一周,空中,世界,一,周,,,,,,,,,,,,,,,,
鴛鴦道中,鴛鴦,道中,,,,,,,,,,,,,,,,,,
大岡政談魔像,大岡,政談,魔,像,,,,,,,,,,,,,,,,
続水戸黄門廻国記,水戸,黄門,廻国,記,,,,,,,,,,,,,,,,
目撃者,目撃,者,,,,,,,,,,,,,,,,,,
槍の権三,槍,権,三,,,,,,,,,,,,,,,,,
支那海,支那,海,,,,,,,,,,,,,,,,,,
白銀の嵐,白銀,嵐,,,,,,,,,,,,,,,,,,
まごヽろ万歳,まご,ろ,万,歳,,,,,,,,,,,,,,,,
令嬢殺し犯人,令嬢,殺し,犯人,,,,,,,,,,,,,,,,,
子は誰のもの,子,もの,,,,,,,,,,,,,,,,,,
無法者銀平,無法,者,銀,,,,,,,,,,,,,,,,,
鞍馬天狗,鞍馬,天狗,,,,,,,,,,,,,,,,,,
路傍の石,路傍,石,,,,,,,,,,,,,,,,,,
山嶽流騎隊,山嶽,流騎,隊,,,,,,,,,,,,,,,,,
雲霧仁■ヱ門前后篇大会,雲霧,仁,ヱ,門,后,篇,大会,,,,,,,,,,,,,
大江戸の魔剣,江戸,魔剣,,,,,,,,,,,,,,,,,,
大菩薩峠,大菩薩,峠,,,,,,,,,,,,,,,,,,
火の夜,火,夜,,,,,,,,,,,,,,,,,,
人間大砲,人間,大砲,,,,,,,,,,,,,,,,,,
子供の世界,子供,世界,,,,,,,,,,,,,,,,,,
椿姫,椿姫,,,,,,,,,,,,,,,,,,,
サラトガ,サラトガ,,,,,,,,,,,,,,,,,,,
スパイ戦線を衝く,スパイ,戦線,,,,,,,,,,,,,,,,,,
番町皿屋敷,番町,皿屋敷,,,,,,,,,,,,,,,,,,
大地,大地,,,,,,,,,,,,,,,,,,,
人の気も知らないで,人,気,,,,,,,,,,,,,,,,,,
大阪夏の陣,大阪,夏,陣,,,,,,,,,,,,,,,,,
寿々木米若,寿々木,米若,,,,,,,,,,,,,,,,,,
テキサス決死隊,テキサス,決死,隊,,,,,,,,,,,,,,,,,
わが母の書,母,書,,,,,,,,,,,,,,,,,,
夜の空を行く,夜,空,,,,,,,,,,,,,,,,,,
禁男の家,禁,男,家,,,,,,,,,,,,,,,,,
人類一億年の曝露,人類,一,億,年,曝露,,,,,,,,,,,,,,,
夕陽特急,夕陽,特急,,,,,,,,,,,,,,,,,,
若葉の夢,若葉,夢,,,,,,,,,,,,,,,,,,
男の償ひ大会,男,償,大会,,,,,,,,,,,,,,,,,
失はれた地平線,地平,線,,,,,,,,,,,,,,,,,,
姿なき侵入者,姿,侵入,者,,,,,,,,,,,,,,,,,
南方飛行,南方,飛行,,,,,,,,,,,,,,,,,,
風の女王,風,女王,,,,,,,,,,,,,,,,,,
姫君海を渡る,姫,君,海,,,,,,,,,,,,,,,,,
鼻唄お嬢さん,鼻唄,嬢,さん,,,,,,,,,,,,,,,,,
テムプルちゃんの上海脱出,テムプル,ちゃん,上海,脱出,,,,,,,,,,,,,,,,
踊る不夜城,不夜,城,,,,,,,,,,,,,,,,,,
大地,大地,,,,,,,,,,,,,,,,,,,
静御前,御前,,,,,,,,,,,,,,,,,,,
鎧なき騎士,鎧,騎士,,,,,,,,,,,,,,,,,,
スパイ戦線を衝く,スパイ,戦線,,,,,,,,,,,,,,,,,,
姫君海を渡る,姫,君,海,,,,,,,,,,,,,,,,,
スタア誕生,スタア,誕生,,,,,,,,,,,,,,,,,,
間諜最後の日,間諜,最後,日,,,,,,,,,,,,,,,,,
半処女,処女,,,,,,,,,,,,,,,,,,,
愛染かつら,愛染,かつら,,,,,,,,,,,,,,,,,,
炎の詩,炎,詩,,,,,,,,,,,,,,,,,,
故郷の廃家,故郷,廃家,,,,,,,,,,,,,,,,,,
永遠に愛せよ,永遠,,,,,,,,,,,,,,,,,,,
第一線の人々,第一線,人々,,,,,,,,,,,,,,,,,,
日本人大会,日本,人,大会,,,,,,,,,,,,,,,,,
花籠の歌,花籠,歌,,,,,,,,,,,,,,,,,,
わが家に母あれ,わが家,母,,,,,,,,,,,,,,,,,,
大地の妻,大地,妻,,,,,,,,,,,,,,,,,,
唐人お吉,唐,人,お吉,,,,,,,,,,,,,,,,,
悪太郎,悪太郎,,,,,,,,,,,,,,,,,,,
第九交響曲,九,交響,曲,,,,,,,,,,,,,,,,,
暗黒街の顔役,暗黒,街,顔役,,,,,,,,,,,,,,,,,
美枝子の兄,美枝子,兄,,,,,,,,,,,,,,,,,,
新しき土,土,,,,,,,,,,,,,,,,,,,
母の歌,母,歌,,,,,,,,,,,,,,,,,,
頑張り娘,娘,,,,,,,,,,,,,,,,,,,
太平洋横断,太平洋,横断,,,,,,,,,,,,,,,,,,
出発,出発,,,,,,,,,,,,,,,,,,,
シバタ本部,シバタ,本部,,,,,,,,,,,,,,,,,,
北海道庁主催拓殖博覧会,北海道,庁,主催,拓殖,博覧,会,,,,,,,,,,,,,,
津軽民謡新興団第一部第二部合同,津軽,民謡,新興,団,一部,二部,合同,,,,,,,,,,,,,
波止場,波止場,,,,,,,,,,,,,,,,,,,
はこだて　[函館観光ポスター],函館,観光,ポスター,,,,,,,,,,,,,,,,,
函館・夏浪漫　[函館観光ポスター],函館,夏,浪漫,函館,観光,ポスター,,,,,,,,,,,,,,
レトロ函館　[函館観光ポスター],レトロ,函館,函館,観光,ポスター,,,,,,,,,,,,,,,
流れ星　[函館観光ポスター],流れ星,函館,観光,ポスター,,,,,,,,,,,,,,,,
北極星　[函館観光ポスター],北極星,函館,観光,ポスター,,,,,,,,,,,,,,,,
はこだて　[函館観光ポスター],函館,観光,ポスター,,,,,,,,,,,,,,,,,
夜景　[函館観光ポスター],夜景,函館,観光,ポスター,,,,,,,,,,,,,,,,
教会　[函館観光ポスター],教会,函館,観光,ポスター,,,,,,,,,,,,,,,,
朝の波止場　[函館観光ポスター],朝,波止場,函館,観光,ポスター,,,,,,,,,,,,,,,
開港百二十年記念　函館港まつり,開港,記念,函館,港,まつり,,,,,,,,,,,,,,,
教会,教会,,,,,,,,,,,,,,,,,,,
カトリック教会　[函館観光ポスター],カトリック,教会,函館,観光,ポスター,,,,,,,,,,,,,,,
函館港まつり　開港125年記念,函館,港,まつり,開港,記念,,,,,,,,,,,,,,,
函館港まつり　開港124年記念,函館,港,まつり,開港,記念,,,,,,,,,,,,,,,
八幡坂フォト　[函館観光ポスター],八幡,坂,フォト,函館,観光,ポスター,,,,,,,,,,,,,,
トラピスチヌ修道院裏　[函館観光ポスター],トラピスチヌ,修道,院,裏,函館,観光,ポスター,,,,,,,,,,,,,
トラピスチヌ修道院,トラピスチヌ,修道,院,,,,,,,,,,,,,,,,,
教会　[函館観光ポスター],教会,函館,観光,ポスター,,,,,,,,,,,,,,,,
HAKODATE,HAKODATE,,,,,,,,,,,,,,,,,,,
教会,教会,,,,,,,,,,,,,,,,,,,
教会,教会,,,,,,,,,,,,,,,,,,,
夕暮れのBAYエリア　[函館観光ポスター],夕暮れ,BAY,エリア,函館,観光,ポスター,,,,,,,,,,,,,,
冬の夜景　[函館観光ポスター],冬,夜景,函館,観光,ポスター,,,,,,,,,,,,,,,
北海道の民俗芸能　開拓記念館特別展,北海道,民俗,芸能,開拓,記念,館,展,,,,,,,,,,,,,
トラピスチヌ　[函館観光ポスター],トラピスチヌ,函館,観光,ポスター,,,,,,,,,,,,,,,,
冬の八幡坂　[函館観光ポスター],冬,八幡,坂,函館,観光,ポスター,,,,,,,,,,,,,,
教会　[函館観光ポスター],教会,函館,観光,ポスター,,,,,,,,,,,,,,,,
函館観光　２０００年の夜明け　[函館観光ポスター],函館,観光,夜明け,函館,観光,ポスター,,,,,,,,,,,,,,
’99青年センターフェスティバル,青年,センター,フェスティバル,,,,,,,,,,,,,,,,,
第9回パイセス年次会合開催記念市民講演会・海洋科学展,パイセス,年次,会合,開催,記念,市民,講演,会,海洋,科学,展,,,,,,,,,
函館市交通安全,函館,市,交通,安全,,,,,,,,,,,,,,,,
水道局　水抜き　平成6年度版,水道,局,水抜き,平成,版,,,,,,,,,,,,,,,
水道局　水資源　平成11年度版,水道,局,水,資源,平成,版,,,,,,,,,,,,,,
水道局　下水道　平成14年度版,水道,局,下,水道,平成,版,,,,,,,,,,,,,,
水道局　水抜き　平成11年度版,水道,局,水抜き,平成,版,,,,,,,,,,,,,,,
函館市交通局,函館,市,交通,局,,,,,,,,,,,,,,,,
水道局　水資源　平成12年度版,水道,局,水,資源,平成,版,,,,,,,,,,,,,,
水道局　水抜き平成12年度,水道,局,水抜き,平成,,,,,,,,,,,,,,,,
水道局　水資源平成13年度,水道,局,水,資源,平成,,,,,,,,,,,,,,,
水道局　下水道　平成13年度版,水道,局,下,水道,平成,版,,,,,,,,,,,,,,
水道局　水抜き平成13年度版,水道,局,水抜き,平成,版,,,,,,,,,,,,,,,
水道局　水抜き平成14年度版,水道,局,水抜き,平成,版,,,,,,,,,,,,,,,
水道局　水資源　平成14年度版,水道,局,水,資源,平成,版,,,,,,,,,,,,,,
水道局　下水道　平成14年度版,水道,局,下,水道,平成,版,,,,,,,,,,,,,,
水道局　下水道　平成15年度版,水道,局,下,水道,平成,版,,,,,,,,,,,,,,
水道局　水資源　平成15年度版,水道,局,水,資源,平成,版,,,,,,,,,,,,,,
2002函館ハーフマラソン大会交通規制,函館,ハーフ,マラソン,大会,交通,規制,,,,,,,,,,,,,,
平成13年度特別展幕末の箱館と幻の陶磁器展,平成,展,幕末,箱館,幻,陶磁器,展,,,,,,,,,,,,,
イタリア静物画展,イタリア,静物,画,展,,,,,,,,,,,,,,,,
中央卸売市場感謝デー,中央,卸売,市場,感謝,デー,,,,,,,,,,,,,,,
函館港まつり　開港144周年,函館,港,まつり,開港,,,,,,,,,,,,,,,,
中原淳一展,中原,淳,一展,,,,,,,,,,,,,,,,,
クリスマスコンサート,クリスマス,コンサート,,,,,,,,,,,,,,,,,,
RED北海道ツアー,RED,北海道,ツアー,,,,,,,,,,,,,,,,,
2003函館ハーフマラソン大会,函館,ハーフ,マラソン,大会,,,,,,,,,,,,,,,,
2003　函館アカデミックフォーラム,函館,フォーラム,,,,,,,,,,,,,,,,,,
歌劇　愛の妙薬,歌劇,愛,妙薬,,,,,,,,,,,,,,,,,
はこだてオートキャンプ場,オート,キャンプ,場,,,,,,,,,,,,,,,,,
第15回市民健康まつり,市民,健康,まつり,,,,,,,,,,,,,,,,,
下水道の日,下,水道,日,,,,,,,,,,,,,,,,,
横綱の里フェスティバル,横綱,里,フェスティバル,,,,,,,,,,,,,,,,,
函館港まつり開港141周年,函館,港,まつり,開港,,,,,,,,,,,,,,,,
市民健康まつり　平成13年度,市民,健康,まつり,平成,,,,,,,,,,,,,,,,
ブルーウェーブVSバファローズ　パ・リーグ公式戦,ブルー,ウェーブ,VS,バファローズ,パ・リーグ,公式,戦,,,,,,,,,,,,,
高田屋嘉兵衛　[カレンダー],高田屋,嘉兵衛,カレンダー,,,,,,,,,,,,,,,,,
函館港まつり142周年,函館,港,まつり,,,,,,,,,,,,,,,,,
第14回野外劇,野外,劇,,,,,,,,,,,,,,,,,,
北洋資料館,北洋,資料,館,,,,,,,,,,,,,,,,,
横綱の里フェスティバル,横綱,里,フェスティバル,,,,,,,,,,,,,,,,,
花と緑のフェスティバル2001,花,緑,フェスティバル,,,,,,,,,,,,,,,,,
祝祭・国際モーツァルトin北海道2001,祝祭,国際,モーツァルト,in,北海道,,,,,,,,,,,,,,,
日本の美とこころ　函館美術館,日本,美,こころ,函館,美術,館,,,,,,,,,,,,,,
はこだてオートキャンプ場,オート,キャンプ,場,,,,,,,,,,,,,,,,,
中央卸売市場感謝デー,中央,卸売,市場,感謝,デー,,,,,,,,,,,,,,,
いきいき住まいづくりフェア２０００,づくり,フェア,,,,,,,,,,,,,,,,,,
市民健康まつり　平成12年度,市民,健康,まつり,平成,,,,,,,,,,,,,,,,
2001年選挙啓発カレンダー,選挙,啓発,カレンダー,,,,,,,,,,,,,,,,,
環境部リサイクル,環境,部,リサイクル,,,,,,,,,,,,,,,,,
健康づくり２１市民フォーラム,健康,づくり,市民,フォーラム,,,,,,,,,,,,,,,,
函館市市制施行80周年　[カレンダー],函館,市,市制,施行,カレンダー,,,,,,,,,,,,,,,
ミスはこだて募集,ミス,こ,募集,,,,,,,,,,,,,,,,,
はこだて博物史,博物,史,,,,,,,,,,,,,,,,,,
極東ロシアのモダニズム,極東,ロシア,モダニズム,,,,,,,,,,,,,,,,,
市民健康まつり,市民,健康,まつり,,,,,,,,,,,,,,,,,
はこだてオートキャンプ場,オート,キャンプ,場,,,,,,,,,,,,,,,,,
第3回函館港花火大会,函館,港,花火,大会,,,,,,,,,,,,,,,,
特別展　豪商　高田屋嘉兵衛,展,豪商,高田屋,嘉兵衛,,,,,,,,,,,,,,,,
横綱の里フェスティバル第16回,横綱,里,フェスティバル,,,,,,,,,,,,,,,,,
第8回市民健康まつり保健所まつり,市民,健康,まつり,保健,所,まつり,,,,,,,,,,,,,,
みなとウォークラリー平成12年度,みな,ウォーク,ラリー,平成,,,,,,,,,,,,,,,,
札幌市中央図書館所蔵品展,札幌,市,中央,図書,館,所蔵,品,展,,,,,,,,,,,,
横綱の里ふくしま,横綱,里,,,,,,,,,,,,,,,,,,
はこだて生涯学習フェスティバル,生涯,学習,フェスティバル,,,,,,,,,,,,,,,,,
ふくしま歴史名所双六,歴史,名所,双六,,,,,,,,,,,,,,,,,
子育て応援,子育て,応援,,,,,,,,,,,,,,,,,,
リサイクルフェスティバル2000,リサイクル,フェスティバル,,,,,,,,,,,,,,,,,,
第10回記念2000函館ハーフマラソン大会,記念,函館,ハーフ,マラソン,大会,,,,,,,,,,,,,,,
今できることからはじめよう！ごみ減量,今,こと,はじめ,ごみ,減量,,,,,,,,,,,,,,,
中央卸売市場活性化,中央,卸売,市場,活性,化,,,,,,,,,,,,,,,
函館戦後50年,函館,戦,後,,,,,,,,,,,,,,,,,
第3回札幌国際デザイン賞作品募集,札幌,国際,デザイン,賞,作品,募集,,,,,,,,,,,,,,
函館図書館週間,函館,図書,館,週間,,,,,,,,,,,,,,,,
函館図書館週間,函館,図書,館,週間,,,,,,,,,,,,,,,,
今月の文部省推薦図書,今月,文部,省,推薦,図書,,,,,,,,,,,,,,,
図書館週間,図書,館,週間,,,,,,,,,,,,,,,,,
HAKODATEの社会教育運動,HAKODATE,社会,教育,運動,,,,,,,,,,,,,,,,
時事問題と近代,時事,問題,近代,,,,,,,,,,,,,,,,,
全日本博物館週間,日本,博物,館,週間,,,,,,,,,,,,,,,,
全国博物館週間,全国,博物,館,週間,,,,,,,,,,,,,,,,
函館図書館週間,函館,図書,館,週間,,,,,,,,,,,,,,,,
復興建築材料展,復興,建築,材料,展,,,,,,,,,,,,,,,,
図書館と博物館週間行事,図書,館,博物,館,週間,行事,,,,,,,,,,,,,,
全日本博物館週間,日本,博物,館,週間,,,,,,,,,,,,,,,,
今月の文部省推薦図書,今月,文部,省,推薦,図書,,,,,,,,,,,,,,,
市立函館図書館週間,市,立,函館,図書,館,週間,,,,,,,,,,,,,,
図書館週間,図書,館,週間,,,,,,,,,,,,,,,,,
秋田図書館図書館週間,秋田,図書,館,図書,館,週間,,,,,,,,,,,,,,
図書館週間,図書,館,週間,,,,,,,,,,,,,,,,,
石川県図書館週間,石川,県,図書,館,週間,,,,,,,,,,,,,,,
接遇資料展覧会,接遇,資料,展覧,会,,,,,,,,,,,,,,,,
東京市立図書館標語,東京,市,立,図書,館,標語,,,,,,,,,,,,,,
図書館週間,図書,館,週間,,,,,,,,,,,,,,,,,
今月の文部省推薦図書,今月,文部,省,推薦,図書,,,,,,,,,,,,,,,
秋田県図書館週間,秋田,県,図書,館,週間,,,,,,,,,,,,,,,
読書週間,読書,週間,,,,,,,,,,,,,,,,,,
山梨図書館週間,山梨,図書,館,週間,,,,,,,,,,,,,,,,
朝鮮図書館週間,朝鮮,図書,館,週間,,,,,,,,,,,,,,,,
読書週間,読書,週間,,,,,,,,,,,,,,,,,,
図書館週間,図書,館,週間,,,,,,,,,,,,,,,,,
山梨県図書館週間,山梨,県,図書,館,週間,,,,,,,,,,,,,,,
山形県読書週間,山形,県,読書,週間,,,,,,,,,,,,,,,,
信仰と迷信の展覧会,信仰,迷信,展覧,会,,,,,,,,,,,,,,,,
郷土勤皇事績展覧会,郷土,勤皇,事績,展覧,会,,,,,,,,,,,,,,,
移動図書館,移動,図書,館,,,,,,,,,,,,,,,,,
図書館と博物館週間行事,図書,館,博物,館,週間,行事,,,,,,,,,,,,,,
今月の文部省推薦図書,今月,文部,省,推薦,図書,,,,,,,,,,,,,,,
今月の文部省推薦図書,今月,文部,省,推薦,図書,,,,,,,,,,,,,,,
電気科学館,電気,科学,館,,,,,,,,,,,,,,,,,
神戸市立図書館児童室（階上）平面図,神戸,市,立,図書,館,児童,室,階上,平面,図,,,,,,,,,,
図書館週間,図書,館,週間,,,,,,,,,,,,,,,,,
秋田図書館週間,秋田,図書,館,週間,,,,,,,,,,,,,,,,
臨海文庫,臨海,文庫,,,,,,,,,,,,,,,,,,
戊辰勤王七十年記念祭,戊辰,勤王,記念,祭,,,,,,,,,,,,,,,,
全国一斉図書館週間,全国,一斉,図書,館,週間,,,,,,,,,,,,,,,
石川県　読書週間,石川,県,読書,週間,,,,,,,,,,,,,,,,
緑蔭文庫,緑蔭,文庫,,,,,,,,,,,,,,,,,,
大原幽学先生遺墨遺品展覧会,大原,幽学,先生,遺墨,遺品,展覧,会,,,,,,,,,,,,,
図書館週間,図書,館,週間,,,,,,,,,,,,,,,,,
埼玉県図書館デー,埼玉,県,図書,館,デー,,,,,,,,,,,,,,,
埼玉県図書館デー,埼玉,県,図書,館,デー,,,,,,,,,,,,,,,
東京市図書館週間,東京,市,図書,館,週間,,,,,,,,,,,,,,,
埼玉県図書館デー,埼玉,県,図書,館,デー,,,,,,,,,,,,,,,
山梨県図書館週間,山梨,県,図書,館,週間,,,,,,,,,,,,,,,
図書館週間,図書,館,週間,,,,,,,,,,,,,,,,,
今月の文部省推薦図書,今月,文部,省,推薦,図書,,,,,,,,,,,,,,,
図書館記念日四月二日,図書,館,記念,日,,,,,,,,,,,,,,,,
小樽図書館週間,小樽,図書,館,週間,,,,,,,,,,,,,,,,
福岡県読書週間,福岡,県,読書,週間,,,,,,,,,,,,,,,,
台湾博物館週間,台湾,博物,館,週間,,,,,,,,,,,,,,,,
第二十五回全国図書館大会,全国,図書,館,大会,,,,,,,,,,,,,,,,
朝鮮全国一斉図書館週間,朝鮮,全国,一斉,図書,館,週間,,,,,,,,,,,,,,
富山県図書館週間,富山,県,図書,館,週間,,,,,,,,,,,,,,,
石川県読書週間,石川,県,読書,週間,,,,,,,,,,,,,,,,
千葉県読書週間,千葉,県,読書,週間,,,,,,,,,,,,,,,,
岩手県図書館週間,岩手,県,図書,館,週間,,,,,,,,,,,,,,,
台湾図書館週間,台湾,図書,館,週間,,,,,,,,,,,,,,,,
石川県図書館週間,石川,県,図書,館,週間,,,,,,,,,,,,,,,
石川県図書館週間,石川,県,図書,館,週間,,,,,,,,,,,,,,,
図書館週間,図書,館,週間,,,,,,,,,,,,,,,,,
石川県図書館週間,石川,県,図書,館,週間,,,,,,,,,,,,,,,
図書館週間,図書,館,週間,,,,,,,,,,,,,,,,,
図書館週間,図書,館,週間,,,,,,,,,,,,,,,,,
秋田県立秋田図書館,秋田,県,立,秋田,図書,館,,,,,,,,,,,,,,
朝鮮図書館週間,朝鮮,図書,館,週間,,,,,,,,,,,,,,,,
台湾図書館週間,台湾,図書,館,週間,,,,,,,,,,,,,,,,
山形県図書館週間,山形,県,図書,館,週間,,,,,,,,,,,,,,,
長崎県図書館週間,長崎,県,図書,館,週間,,,,,,,,,,,,,,,
台湾図書館週間,台湾,図書,館,週間,,,,,,,,,,,,,,,,
読書週間,読書,週間,,,,,,,,,,,,,,,,,,
読書週間,読書,週間,,,,,,,,,,,,,,,,,,
移動文庫,移動,文庫,,,,,,,,,,,,,,,,,,
外山滋ヴァイオリン演奏会,外山,滋,ヴァイオリン,演奏,会,,,,,,,,,,,,,,,
関西学院グリークラブ　合唱演奏会,関西,学院,グリー,クラブ,合唱,演奏,会,,,,,,,,,,,,,
大谷冽子　ソプラノ独唱会,大谷,冽,子,ソプラノ,独唱,会,,,,,,,,,,,,,,
労音　６月例会,労音,例会,,,,,,,,,,,,,,,,,,
グランドトリオの夕,グランド,トリオ,夕,,,,,,,,,,,,,,,,,
スタア誕生,スタア,誕生,,,,,,,,,,,,,,,,,,
1959教育映画祭,教育,映画,祭,,,,,,,,,,,,,,,,,
宮中雅楽初公開,宮中,雅楽,公開,,,,,,,,,,,,,,,,,
プロムジカ弦楽四十奏曲演奏会,プロムジカ,弦楽,四,十,奏,曲,演奏,会,,,,,,,,,,,,
武蔵野音楽大学演奏会,武蔵野,音楽,大学,演奏,会,,,,,,,,,,,,,,,
ゲルハルト・ヒユッシュ独唱会,ゲルハルト,ヒユッシュ,独唱,会,,,,,,,,,,,,,,,,
三国バレー発表会,三,国,バレー,発表,会,,,,,,,,,,,,,,,
北大グリーコール演奏会,北大,グリー,コール,演奏,会,,,,,,,,,,,,,,,
岩本真理ヴァイオリン演奏会,岩本,真理,ヴァイオリン,演奏,会,,,,,,,,,,,,,,,
1957教育映画祭,教育,映画,祭,,,,,,,,,,,,,,,,,
NHK交響楽団特別演奏会,NHK,交響,楽団,演奏,会,,,,,,,,,,,,,,,
NHK交響楽団特別演奏会,NHK,交響,楽団,演奏,会,,,,,,,,,,,,,,,
諏訪根自子ヴァイオリン演奏会,諏訪,根自子,ヴァイオリン,演奏,会,,,,,,,,,,,,,,,
ギリシャ政府派遣音楽使節による演奏会,ギリシャ,政府,派遣,音楽,使節,演奏,会,,,,,,,,,,,,,
岩本真理ヴァイオリン独奏会,岩本,真理,ヴァイオリン,独奏,会,,,,,,,,,,,,,,,
天理高校吹奏楽部演奏会,天理,高校,吹奏,楽,部,演奏,会,,,,,,,,,,,,,
中央大学マンドリンクラブ函館演奏会,中央,大学,マンドリン,クラブ,函館,演奏,会,,,,,,,,,,,,,
文楽,文楽,,,,,,,,,,,,,,,,,,,
ロメオとジュリエット,ロメオ,ジュリエット,,,,,,,,,,,,,,,,,,
函館総合卸見本市,函館,総合,卸,見本,市,,,,,,,,,,,,,,,
エール大学グリークラブ演奏会,エール,大学,グリー,クラブ,演奏,会,,,,,,,,,,,,,,
ロスアンゼルス交響楽団,ロスアンゼルス,交響,楽団,,,,,,,,,,,,,,,,,
第24回音楽コンクール受賞者発表演奏会,音楽,コンクール,受賞,者,発表,演奏,会,,,,,,,,,,,,,
ウィーン・フィルハーモニー特別演奏会,ウィーン,フィル,ハーモニー,演奏,会,,,,,,,,,,,,,,,
ピアノ演奏会原智恵子,ピアノ,演奏,会,原,智恵子,,,,,,,,,,,,,,,
第27回三国バレエ発表会,三,国,バレエ,発表,会,,,,,,,,,,,,,,,
花荻先生と三太,花,荻,先生,三太,,,,,,,,,,,,,,,,
グリーンコンサート,グリーン,コンサート,,,,,,,,,,,,,,,,,,
小樽総合見本市,小樽,総合,見本,市,,,,,,,,,,,,,,,,
春日八郎ショウ,春日,八郎,ショウ,,,,,,,,,,,,,,,,,
ＨＡＫＯＤＡＴＥ,HAKODATE,,,,,,,,,,,,,,,,,,,
ＨＡＫＯＤＡＴＥ,HAKODATE,,,,,,,,,,,,,,,,,,,
メサイヤ演奏会,メサイヤ,演奏,会,,,,,,,,,,,,,,,,,
1955年教育映画祭,教育,映画,祭,,,,,,,,,,,,,,,,,
ソ連音楽２つの名花同時公演,ソ連,音楽,２,つ,名花,同時,公演,,,,,,,,,,,,,
CIE図書館,CIE,図書,館,,,,,,,,,,,,,,,,,
ベートーベンの生涯,ベートーベン,生涯,,,,,,,,,,,,,,,,,,
らくだの夕,らくだ,夕,,,,,,,,,,,,,,,,,,
第6回英語劇の夕　ピグマリオン,英語,劇,夕,ピグマリオン,,,,,,,,,,,,,,,,
NHK交響楽団特別演奏会,NHK,交響,楽団,演奏,会,,,,,,,,,,,,,,,
東京大学男声ダブルカルテットオクトパス演奏会,東京,大学,男声,ダブル,カルテット,オクトパス,演奏,会,,,,,,,,,,,,
全函館大合唱祭,函館,大,合唱,祭,,,,,,,,,,,,,,,,
第9回函館市公民館少年少女絃楽合奏団,函館,市,公民,館,少年,少女,絃楽,合奏,団,,,,,,,,,,,
HBCジュニアコンサート,HBC,ジュニア,コンサート,,,,,,,,,,,,,,,,,
第13回全函館吹奏楽祭,函館,吹奏,楽,祭,,,,,,,,,,,,,,,,
第1回定期演奏会函館吹奏楽団,定期,演奏,会,函館,吹奏,楽,団,,,,,,,,,,,,,
第6回全函館吹奏楽合同演奏会,函館,吹奏,楽,合同,演奏,会,,,,,,,,,,,,,,
第8回全函館吹奏楽合同演奏会,函館,吹奏,楽,合同,演奏,会,,,,,,,,,,,,,,
第14回全函館大合唱祭,函館,大,合唱,祭,,,,,,,,,,,,,,,,
東京コラリアーズ,東京,コラリアーズ,,,,,,,,,,,,,,,,,,
東北大学男声合唱団演奏会,東北,大学,男声,合唱,団,演奏,会,,,,,,,,,,,,,
第6回ヴアイオリン祭,ヴアイオリン,祭,,,,,,,,,,,,,,,,,,
歳末たすけあい協賛クリスマス音楽会,歳末,協賛,クリスマス,音楽,会,,,,,,,,,,,,,,,
吹奏楽合同演奏会,吹奏,楽,合同,演奏,会,,,,,,,,,,,,,,,
第11回函館市民文化祭音楽祭,函館,市民,文化,祭,音楽,祭,,,,,,,,,,,,,,
第15回全函館大合唱祭,函館,大,合唱,祭,,,,,,,,,,,,,,,,
第16回全函館大合唱祭,函館,大,合唱,祭,,,,,,,,,,,,,,,,
ワグネルソサィエティー演奏会,ワグネルソサィエティー,演奏,会,,,,,,,,,,,,,,,,,
諏訪根自子リサイタル,諏訪,根自子,リサイタル,,,,,,,,,,,,,,,,,
掲示についてお願い,掲示,願い,,,,,,,,,,,,,,,,,,
只野ポンチ　軽笑楽劇隊,只野,ポンチ,笑,楽劇,隊,,,,,,,,,,,,,,,
東京大学オーケストラ,東京,大学,オーケストラ,,,,,,,,,,,,,,,,,
梁川剛一　挿し絵原画展,梁川,剛一,挿し絵,原画,展,,,,,,,,,,,,,,,
平成二四年度市立函館博物館企画展　函館の麦酒,平成,市,立,函館,博物,館,企画,展,函館,麦酒,,,,,,,,,,
平成二四年度市立博物館企画展　写された幕末・明治の函館,平成,市,立,博物,館,企画,展,幕末,明治,函館,,,,,,,,,,
2013市立函館博物館企画展　函館商人の人生模様,市,立,函館,博物,館,企画,展,函館,商人,人生,模様,,,,,,,,,
1996特別企画展　函館の自然詩,企画,展,函館,自然,詩,,,,,,,,,,,,,,,
函館市制施行70周年特別企画展〈函館日米協会再発足1周年記念〉　箱館開港とペリーの足跡,函館,市,制,施行,企画,展,函館,日米,協会,発足,記念,箱館,開港,ペリー,足跡,,,,,
特別展　北への道,展,北,道,,,,,,,,,,,,,,,,,
1988特別企画展　THE HAKODADI,企画,展,THE,HAKODADI,,,,,,,,,,,,,,,,
1992特別展　描かれた箱館五稜郭,展,箱館,五稜郭,,,,,,,,,,,,,,,,,
1992特別企画展　大むかしの函館,企画,展,むかし,函館,,,,,,,,,,,,,,,,
特別展　箱館海戦記,展,箱館,海戦,記,,,,,,,,,,,,,,,,
新入学（園）児童を交通事故から守りましょう　4月1日～4月30日,入学,園,児童,交通,事故,,,,,,,,,,,,,,,
平成23年度企画展　描かれた箱館戦争　幕末の動乱と蝦夷地への道,平成,企画,展,箱館,戦争,幕末,動乱,蝦夷,地,道,,,,,,,,,,
函館市縄文文化交流センターオープン記念ロビー展　現代に息づく縄文文化　亀ヶ岡焼－一戸広臣の世界－,函館,市,縄文,文化,交流,センター,オープン,記念,ロビー,展,現代,縄文,文化,亀,岡,焼,一,戸,広臣,世界
1996特別展　幕末の箱館,展,幕末,箱館,,,,,,,,,,,,,,,,,
2009特別展　みなとHAKODADIハイカラ展,展,みなと,HAKODADI,ハイカラ,展,,,,,,,,,,,,,,,
北洋博ニュース　開催中…8月31日まで函館,北洋,博,ニュース,開催,中,函館,,,,,,,,,,,,,,
新島襄と幕末の箱館　平成25年度市立函館博物館企画展,新島,襄,幕末,箱館,平成,市,立,函館,博物,館,企画,展,,,,,,,,
平成21年度中空土偶展　国宝中空土偶と函館の文化財,平成,中空,土偶,展,国宝,中空,土偶,函館,文化,財,,,,,,,,,,
港祭記念郷土文化展覧会,港,祭,記念,郷土,文化,展覧,会,,,,,,,,,,,,,
賀新年　明治三十七年略暦,賀,新年,明治,略,暦,,,,,,,,,,,,,,,
現代書と墨・硯　函館の五人展,現代,書,墨,硯,函館,五,人,展,,,,,,,,,,,,
懸賞当選標語,懸賞,当選,標語,,,,,,,,,,,,,,,,,
養鶏界空前の催し　全国養鶏大会,養鶏,界,空前,催し,全国,養鶏,大会,,,,,,,,,,,,,
電気安全月間,電気,安全,月間,,,,,,,,,,,,,,,,,
みんなで節電致しましょう,みんな,節電,,,,,,,,,,,,,,,,,,
平和記念東京博覧会,平和,記念,東京,博覧,会,,,,,,,,,,,,,,,
衛生的改良箱詰塩鮭鱒,衛生,的,改良,箱詰,塩鮭,鱒,,,,,,,,,,,,,,
2004特別企画展　ペリー箱館来航150年,企画,展,ペリー,箱館,来航,,,,,,,,,,,,,,,
第14回　さっぽろ雪まつり,さっぽろ,雪まつり,,,,,,,,,,,,,,,,,,
第14回　さっぽろ雪まつり,さっぽろ,雪まつり,,,,,,,,,,,,,,,,,,
北洋博　芸能ニュース　提供[丸井]今井,北洋,博,芸能,ニュース,提供,丸井,今井,,,,,,,,,,,,,
北洋博　芸能ニュース　［ボーニ］森屋提供,北洋,博,芸能,ニュース,ボーニ,森屋,提供,,,,,,,,,,,,,
北洋博　芸能ニュース　札幌酒精工業株式会社提供,北洋,博,芸能,ニュース,札幌,酒精,工業,株式,会社,提供,,,,,,,,,,
北洋博　催物ニュース　川守田商店提供,北洋,博,催物,ニュース,川守田,商店,提供,,,,,,,,,,,,,
北洋博　催物ニュース　提供［丸井］今井,北洋,博,催物,ニュース,提供,丸井,今井,,,,,,,,,,,,,
北洋博　催物ニュース,北洋,博,催物,ニュース,,,,,,,,,,,,,,,,
北洋博福引付前売入場券発売中,北洋,博,福引,付,前売,入場,券,発売,中,,,,,,,,,,,
信州善光寺出開帳尼公上人御親修大法要,信州,善光寺,開帳,尼公,上人,親,修大,法要,,,,,,,,,,,,
北洋博ポスター図案コンテスト,北洋,博,ポスター,図案,コンテスト,,,,,,,,,,,,,,,
ポンと…100万円豪華抽せん付　北洋博前売券発売中,豪華,抽せん,付,北洋,博,前売,券,発売,中,,,,,,,,,,,
記念発売　北洋音頭,記念,発売,北洋,音頭,,,,,,,,,,,,,,,,
北洋博　催物ニュース　［ボーニ］森屋提供,北洋,博,催物,ニュース,ボーニ,森屋,提供,,,,,,,,,,,,,
口腔衛生週間　紳士淑女のエチケット　歯のクリーニング,口腔,衛生,週間,紳士,淑女,エチケット,歯,クリーニング,,,,,,,,,,,,
函館大火20周年　想い起せよ昭和9年3月21日,函館,大火,昭和,,,,,,,,,,,,,,,,,
初心者のためのスポーツ教室,初心,者,ため,スポーツ,教室,,,,,,,,,,,,,,,
みんなの町をきれいにしよう,みんな,町,しよう,,,,,,,,,,,,,,,,,
昭和三十二年［カレンダー］,昭和,カレンダー,,,,,,,,,,,,,,,,,,
昭和27年［カレンダー］,昭和,カレンダー,,,,,,,,,,,,,,,,,,
昭和二十八年癸巳平年［カレンダー］,昭和,癸巳,平年,カレンダー,,,,,,,,,,,,,,,,
大沼国定公園　1962［カレンダー］,大沼,国定,公園,カレンダー,,,,,,,,,,,,,,,,
生れ変った小包料金,小包,料金,,,,,,,,,,,,,,,,,,
つゝしみの日　三月二十一日大火災記念行事,しみ,日,火災,記念,行事,,,,,,,,,,,,,,,
火災を無くしましょう！　函館大火24周年火災をなくする運動,火災,函館,大火,火災,運動,,,,,,,,,,,,,,,
総合文化雑誌　海峡,総合,文化,雑誌,海峡,,,,,,,,,,,,,,,,
第5回全日本切手展　函館地区展,日本,切手,展,函館,地区,展,,,,,,,,,,,,,,
1955年［カレンダー］,カレンダー,,,,,,,,,,,,,,,,,,,
刑務所製品展示即売会,刑務,所,製品,展示,即売,会,,,,,,,,,,,,,,
刑務所製品展示即売会,刑務,所,製品,展示,即売,会,,,,,,,,,,,,,,
刑務所製品展示即売会,刑務,所,製品,展示,即売,会,,,,,,,,,,,,,,
刑務所製作品展示即売会,刑務,所,製,作品,展示,即売,会,,,,,,,,,,,,,
刑務所作業製品展示即売会,刑務,所,作業,製品,展示,即売,会,,,,,,,,,,,,,
歳末特別貯蓄運動　生活に希望と力を生む貯蓄,歳末,貯蓄,運動,生活,希望,力,貯蓄,,,,,,,,,,,,,
貯蓄増強国民運動　貯蓄は明日への力,貯蓄,増強,国民,運動,貯蓄,明日,力,,,,,,,,,,,,,
明るいくらしは貯蓄から,くらし,貯蓄,,,,,,,,,,,,,,,,,,
安定した繁栄を続けるために　あなたの節約で輸入をへらし　あなたの貯蓄で輸出をふやす,安定,繁栄,ため,節約,輸入,貯蓄,輸出,,,,,,,,,,,,,
収入の一割は貯蓄しましょう,収入,一,割,貯蓄,,,,,,,,,,,,,,,,
お手もとの現金はひとまず貯蓄,手もと,現金,貯蓄,,,,,,,,,,,,,,,,,
お手もとの現金はひとまず貯蓄しましょう,手もと,現金,貯蓄,,,,,,,,,,,,,,,,,
減税を明るいくらしの設計に,減税,くらし,設計,,,,,,,,,,,,,,,,,
臨時季節収入はひとまず貯蓄,臨時,季節,収入,貯蓄,,,,,,,,,,,,,,,,
歳末特別貯蓄運動　手もとの現金はひとまず貯蓄しましょう,歳末,貯蓄,運動,手もと,現金,貯蓄,,,,,,,,,,,,,,
刑務所作業製品展示即売会,刑務,所,作業,製品,展示,即売,会,,,,,,,,,,,,,
郵便案内,郵便,案内,,,,,,,,,,,,,,,,,,
観光切手と風景スタンプ展,観光,切手,風景,スタンプ,展,,,,,,,,,,,,,,,
新憲法施行三周年記念行事,憲法,施行,記念,行事,,,,,,,,,,,,,,,,
第11回読書感想文公募,読書,感想,文,公募,,,,,,,,,,,,,,,,
第10回読書感想文コンクール,読書,感想,文,コンクール,,,,,,,,,,,,,,,,
第9回読書感想文コンクール,読書,感想,文,コンクール,,,,,,,,,,,,,,,,
第6回読書週間感想文コンクール,読書,週間,感想,文,コンクール,,,,,,,,,,,,,,,
第7回読書週間感想文コンクール,読書,週間,感想,文,コンクール,,,,,,,,,,,,,,,
第8回読書週間感想文コンクール,読書,週間,感想,文,コンクール,,,,,,,,,,,,,,,
昭和35年度読書週間記念　第3回函館市読書感想文コンクール,昭和,読書,週間,記念,函館,市,読書,感想,文,コンクール,,,,,,,,,,
昭和33年度読書週間記念　第1回函館市読書感想文コンクール,昭和,読書,週間,記念,函館,市,読書,感想,文,コンクール,,,,,,,,,,
第2回父の日、母の日、記念感想文・詩公募,父,日,母,日,記念,感想,文,詩,公募,,,,,,,,,,,
日本歴史をよむ会,日本,歴史,会,,,,,,,,,,,,,,,,,
啄木展,啄木,展,,,,,,,,,,,,,,,,,,
第15回函館市成人祭記念　感想文と標語の公募,函館,市,成人,祭,記念,感想,文,標語,公募,,,,,,,,,,,
第16回函館市成人祭記念　感想文と標語の公募,函館,市,成人,祭,記念,感想,文,標語,公募,,,,,,,,,,,
第十七回函館市成人祭記念　感想文と標語の公募,函館,市,成人,祭,記念,感想,文,標語,公募,,,,,,,,,,,
第十八回函館市成人祭記念　感想文の募集,函館,市,成人,祭,記念,感想,文,募集,,,,,,,,,,,,
昭和23年度　開道八十周年記念文化祭,昭和,開道,周年,記念,文化,祭,,,,,,,,,,,,,,
市立函館図書館・市立ハリファックス地方図書館姉妹提携調印式,市,立,函館,図書,館,市,立,ハリファックス,地方,図書,館,姉妹,提携,調印,式,,,,,
NHK函館教育テレビジョン局開局記念　文化講演会,NHK,函館,教育,テレビジョン,局,開局,記念,文化,講演,会,,,,,,,,,,
楽しい良い子の移動動物園,子,移動,動物,園,,,,,,,,,,,,,,,,
函館山三十三観音遷座法要,函館,山,三十三,観音,遷座,法要,,,,,,,,,,,,,,
レクリエーションの夕,レクリエーション,夕,,,,,,,,,,,,,,,,,,
市民氷上カーニバル,市民,氷上,カーニバル,,,,,,,,,,,,,,,,,
国連デー記念　講演と映画の夕,国連,デー,記念,講演,映画,夕,,,,,,,,,,,,,,
1965年北海道教育映画祭　優秀教育映画上映の夕,北海道,教育,映画,祭,教育,映画,上映,夕,,,,,,,,,,,,
和倉温泉空前のアイヌ熊祭,和倉,温泉,空前,アイヌ,熊祭,,,,,,,,,,,,,,,
函館営林局創設5周年記念　森林文化展,函館,営林,局,創設,記念,森林,文化,展,,,,,,,,,,,,
江戸時代後期絵画名作,江戸,時代,後期,絵画,名作,,,,,,,,,,,,,,,
母の日記念　第8回感想文（詩・作文）募集,母,日,記念,感想,文,詩,作文,募集,,,,,,,,,,,,
母の日記念　第7回感想文（詩・作文）募集,母,日,記念,感想,文,詩,作文,募集,,,,,,,,,,,,
第10回母の日記念感想文・詩　公募,母,日,記念,感想,文,詩,公募,,,,,,,,,,,,,
第9回母の日記念感想文公募,母,日,記念,感想,文,公募,,,,,,,,,,,,,,
母の日記念　第12回感想文詩作文募集,母,日,記念,感想,文,詩作,文,募集,,,,,,,,,,,,
室町時代絵画展,室町,時代,絵画,展,,,,,,,,,,,,,,,,
文化祭,文化,祭,,,,,,,,,,,,,,,,,,
港まつりアイヌ絵画展覧会,港,まつり,アイヌ,絵画,展覧,会,,,,,,,,,,,,,,
地方自治振興青年弁論大会　渡島函館地区地方予選,地方,自治,振興,青年,弁論,大会,渡島,函館,地区,地方,予選,,,,,,,,,
カトリック講演会,カトリック,講演,会,,,,,,,,,,,,,,,,,
朝鮮動乱のニュース映画と講演会,朝鮮,動乱,ニュース,映画,講演,会,,,,,,,,,,,,,,
宗教講演会,宗教,講演,会,,,,,,,,,,,,,,,,,
北海道教育委員会委員選挙,北海道,教育,委員,会,委員,選挙,,,,,,,,,,,,,,
普選30周年　婦人参政10周年　記念　選挙人名簿をご覧下さい,普,選,婦人,参政,記念,選挙,人,名簿,ご覧,,,,,,,,,,,
衆議院議員総選挙　最高裁判所裁判官国民審査　正しい政治は公明選挙から,衆議,院,議員,選挙,最高,裁判,所,裁判,官,国民,審査,政治,公明,選挙,,,,,,
衆議院議員総選挙　最高裁判所裁判官国民審査　公明選挙　正しい政治　住みよい日本,衆議,院,議員,選挙,最高,裁判,所,裁判,官,国民,審査,公明,選挙,政治,日本,,,,,
近ずく!!教育委員選挙　十月五日一せい投票,ずく,教育,委員,選挙,一,せい,投票,,,,,,,,,,,,,
来るべき総選挙　教育委員選挙,選挙,教育,委員,選挙,,,,,,,,,,,,,,,,
総選挙　十月五日　教育委員会法公布　昭和二十三年十一月一日から発足,選挙,教育,委員,会,法,公布,昭和,発足,,,,,,,,,,,,
北海道教育委員会委員選挙,北海道,教育,委員,会,委員,選挙,,,,,,,,,,,,,,
選挙　衆議院議員総選挙　参議院議員通常選挙,選挙,衆議,院,議員,選挙,参議,院,議員,通常,選挙,,,,,,,,,,
公明選挙　衆議院議員総選挙　最高裁判所裁判官国民審査　あなた自身のもの…,公明,選挙,衆議,院,議員,選挙,最高,裁判,所,裁判,官,国民,審査,自身,もの,,,,,
第12回読書感想文公募,読書,感想,文,公募,,,,,,,,,,,,,,,,
第13回市民文芸作品公募　第16回読書感想文公募,市民,文芸,作品,公募,読書,感想,文,公募,,,,,,,,,,,,
第14回読書感想文公募,読書,感想,文,公募,,,,,,,,,,,,,,,,
青少年の保護育成運動,青少年,保護,育成,運動,,,,,,,,,,,,,,,,
全国清掃美化運動,全国,清掃,美化,運動,,,,,,,,,,,,,,,,
与謝野寛・晶子之歌碑　碑面,与謝野,寛,晶子,歌碑,碑,面,,,,,,,,,,,,,,
第12回市民文芸作品公募　第15回読書感想文公募,市民,文芸,作品,公募,読書,感想,文,公募,,,,,,,,,,,,
郷土の植物動物資料展,郷土,植物,動物,資料,展,,,,,,,,,,,,,,,
本さまざま展,展,,,,,,,,,,,,,,,,,,,
啄木展,啄木,展,,,,,,,,,,,,,,,,,,
啄木資料展,啄木,資料,展,,,,,,,,,,,,,,,,,
港まつり協賛　函館の港　絵と写真で見る今昔展,港,まつり,協賛,函館,港,絵,写真,今昔,展,,,,,,,,,,,
啄木展,啄木,展,,,,,,,,,,,,,,,,,,
港まつり協賛　郷土開拓資料展,港,まつり,協賛,郷土,開拓,資料,展,,,,,,,,,,,,,
港まつり協賛展　“箱館の文明開化と異人たち”,港,まつり,協賛,展,箱館,文明,開化,異人,たち,,,,,,,,,,,
むかしむかしの絵でみる北海道ひとまわり　開港112年函館港まつり協賛展,むかし,むかし,絵,北海道,ひと,まわり,開港,函館,港,まつり,協賛,展,,,,,,,,
郷土遊寓名士遺墨展,郷,土,遊,寓,名士,遺墨,展,,,,,,,,,,,,,
港まつり協賛　函館文学展,港,まつり,協賛,函館,文学,展,,,,,,,,,,,,,,
港まつり協賛　郷土開拓資料展,港,まつり,協賛,郷土,開拓,資料,展,,,,,,,,,,,,,
“五稜郭と函館戦争”資料展,五稜郭,函館,戦争,資料,展,,,,,,,,,,,,,,,
読書週間行事　第3回函館史跡散歩の開催,読書,週間,行事,函館,史跡,散歩,開催,,,,,,,,,,,,,
港まつり協賛展　“箱館の文明開化と異人たち”,港,まつり,協賛,展,箱館,文明,開化,異人,たち,,,,,,,,,,,
啄木展,啄木,展,,,,,,,,,,,,,,,,,,
啄木遺跡めぐり　啄木展,啄木,遺跡,啄木,展,,,,,,,,,,,,,,,,
第十回函館市文化祭,函館,市,文化,祭,,,,,,,,,,,,,,,,
第18回函館市民文化祭記念　市民文芸作品募集,函館,市民,文化,祭,記念,市民,文芸,作品,募集,,,,,,,,,,,
第15回函館市民文化祭記念　文芸作品募集,函館,市民,文化,祭,記念,文芸,作品,募集,,,,,,,,,,,,
第15回函館市民文化祭記念行事　市民文化のつどい,函館,市民,文化,祭,記念,行事,市民,文化,つどい,,,,,,,,,,,
第13回函館市成人祭　記念文芸作品公募,函館,市,成人,祭,記念,文芸,作品,公募,,,,,,,,,,,,
第17回函館市民文化祭記念　文芸作品募集,函館,市民,文化,祭,記念,文芸,作品,募集,,,,,,,,,,,,
1月15日　成人の日,成人,日,,,,,,,,,,,,,,,,,,
第16回函館市民文化祭記念　文芸作品募集,函館,市民,文化,祭,記念,文芸,作品,募集,,,,,,,,,,,,
雪まつり,雪まつり,,,,,,,,,,,,,,,,,,,
第三回成人祭　スクェアダンスパーテー　青年の希望を語る夕,成人,祭,スクェアダンスパーテー,青年,希望,夕,,,,,,,,,,,,,,
家庭生活科学研究会,家庭,生活,科学,研究,会,,,,,,,,,,,,,,,
第8回函館市文化祭,函館,市,文化,祭,,,,,,,,,,,,,,,,
第16回函館市民文化祭記念行事　市民文化交歓の夕,函館,市民,文化,祭,記念,行事,市民,文化,交歓,夕,,,,,,,,,,
五稜郭戦争資料展　100年記念,五稜郭,戦争,資料,展,記念,,,,,,,,,,,,,,,
国宝重美　桃山美術展,国宝,重美,桃山,美術,展,,,,,,,,,,,,,,,
ゆかりの能登で　アイヌの熊祭,ゆかり,能登,アイヌ,熊祭,,,,,,,,,,,,,,,,
第九回　社会を明るくする運動,九,回,社会,運動,,,,,,,,,,,,,,,,
HAKODATE CITY CENTRAL LIBRARY　函館再発見。,HAKODATE,CITY,CENTRAL,LIBRARY,函館,発見,,,,,,,,,,,,,,
開国百年ペルリ祭　記念展覧会,開国,百,年,ペルリ,祭,記念,展覧,会,,,,,,,,,,,,
25年第1回　函館競輪,函館,競輪,,,,,,,,,,,,,,,,,,
第5回全道視聴覚教育研究大会,道,視聴覚,教育,研究,大会,,,,,,,,,,,,,,,
第3回函館市視聴覚教育月間,函館,市,視聴覚,教育,月間,,,,,,,,,,,,,,,
第二回視聴覚教育週間,視聴覚,教育,週間,,,,,,,,,,,,,,,,,
第9回函館市理科作品展,函館,市,理科,作品,展,,,,,,,,,,,,,,,
堤鐔コレクション　国宝重美刀剣,堤,鐔,コレクション,国宝,重美,刀剣,,,,,,,,,,,,,,
日本古美術名品展,日本,美術,名品,展,,,,,,,,,,,,,,,,
日本名槍展,日本,名,槍,展,,,,,,,,,,,,,,,,
第11回函館市理科作品展,函館,市,理科,作品,展,,,,,,,,,,,,,,,
五稜郭築城100年記念行事,五稜郭,築城,記念,行事,,,,,,,,,,,,,,,,
はこだて楽焼同好会“土”第1回作品展示会,楽焼,同好,会,土,作品,展示,会,,,,,,,,,,,,,
第7回函館市理科作品展,函館,市,理科,作品,展,,,,,,,,,,,,,,,
大南洋展,南洋,展,,,,,,,,,,,,,,,,,,
飼犬は必ず　保健所へ登録を！,飼犬,保健,所,登録,,,,,,,,,,,,,,,,
海は招く!!　市民海水浴場へどうぞ,海,市民,海水,浴,場,,,,,,,,,,,,,,,
第1回函館市理科作品展示会,函館,市,理科,作品,展示,会,,,,,,,,,,,,,,
第4回函館市理科作品展,函館,市,理科,作品,展,,,,,,,,,,,,,,,
第8回函館市理科作品展,函館,市,理科,作品,展,,,,,,,,,,,,,,,
第10回函館市理科作品展,函館,市,理科,作品,展,,,,,,,,,,,,,,,
江戸時代前期絵画名作,江戸,時代,前期,絵画,名作,,,,,,,,,,,,,,,
日本洋画名作展,日本,洋画,名作,展,,,,,,,,,,,,,,,,
飼犬は必ず登録して下さい,飼犬,登録,,,,,,,,,,,,,,,,,,
青年学級生募集,青年,学級,生,募集,,,,,,,,,,,,,,,,
青年学級生募集,青年,学級,生,募集,,,,,,,,,,,,,,,,
青年学級生募集,青年,学級,生,募集,,,,,,,,,,,,,,,,
図書館分館読書講座　新聞のよみ方,図書,館,分館,読書,講座,新聞,方,,,,,,,,,,,,,
公民館　新春の定期講座,公民,館,新春,定期,講座,,,,,,,,,,,,,,,
3回　大学祭,大学,祭,,,,,,,,,,,,,,,,,,
函館商科短期大学　学生募集,函館,商科,短期,大学,学生,募集,,,,,,,,,,,,,,
水産報国　学生募集,水産,報国,学生,募集,,,,,,,,,,,,,,,,
第三十六回海軍記念日　軍事講演会,海軍,記念,日,軍事,講演,会,,,,,,,,,,,,,,
敬老デー,敬老,デー,,,,,,,,,,,,,,,,,,
興亜運動大講演会,興亜,運動,講演,会,,,,,,,,,,,,,,,,
官立小樽海員養成所生徒募集,官立,小樽,海員,養成,所,生徒,募集,,,,,,,,,,,,,
六月十日　時の記念日,時,記念,日,,,,,,,,,,,,,,,,,
十月二十日　市会議員総選挙,市会,議員,選挙,,,,,,,,,,,,,,,,,
第二期『文学鑑賞講座』受講会員募集!!,文学,鑑賞,講座,受講,会員,募集,,,,,,,,,,,,,,
公民館の英語講座,公民,館,英語,講座,,,,,,,,,,,,,,,,
夏期大学　受講申込みの受付開始!!,夏期,大学,受講,申込み,受付,開始,,,,,,,,,,,,,,
夏季大学講座,夏季,大学,講座,,,,,,,,,,,,,,,,,
夏期大学講座,夏期,大学,講座,,,,,,,,,,,,,,,,,
夏期大学講座,夏期,大学,講座,,,,,,,,,,,,,,,,,
市民のための大学開放講座　文部省委嘱,市民,ため,大学,開放,講座,文部,省,委嘱,,,,,,,,,,,,
市民のための大学開放講座　文部省委嘱,市民,ため,大学,開放,講座,文部,省,委嘱,,,,,,,,,,,,
市民大学講座　第一部,市民,大学,講座,,,,,,,,,,,,,,,,,
市民大学講座　第2部,市民,大学,講座,,,,,,,,,,,,,,,,,
昭和36年度　第3期　成人学校,昭和,36,年,度,成人,学校,,,,,,,,,,,,,,
函館市成人学校　第1期,函館,市,成人,学校,,,,,,,,,,,,,,,,
函館市成人学校　第2期,函館,市,成人,学校,,,,,,,,,,,,,,,,
函館市成人学校　第2期,函館,市,成人,学校,,,,,,,,,,,,,,,,
函館市成人学校　第3期,函館,市,成人,学校,,,,,,,,,,,,,,,,
昭和30年度　函館市成人学校　第1期,昭和,函館,市,成人,学校,,,,,,,,,,,,,,,
昭和30年度　函館市成人学校　第2期,昭和,函館,市,成人,学校,,,,,,,,,,,,,,,
昭和30年度　函館市成人学校　第3期,昭和,函館,市,成人,学校,,,,,,,,,,,,,,,
大東亜戦争一周年記念　決戦突破大運動,東亜,戦争,記念,決戦,突破,運動,,,,,,,,,,,,,,
新穀感謝祭,新穀,感謝,祭,,,,,,,,,,,,,,,,,
奉祝紀元二千六百年　市民奉祝大会　家庭奉祝,奉祝,紀元,市民,奉祝,大会,家庭,奉祝,,,,,,,,,,,,,
満州建国十周年慶祝　大東亜経済建設　展覧会,満州,建国,慶祝,東亜,経済,建設,展覧,会,,,,,,,,,,,,
陸軍恤兵展覧会,陸軍,恤兵,展覧,会,,,,,,,,,,,,,,,,
ファシスタ伊太利亜大展覧会,ファシスタ,伊太利,亜大,展覧,会,,,,,,,,,,,,,,,
銃後奉公大展覧会,銃後,奉公,展覧,会,,,,,,,,,,,,,,,,
勝ち抜く経済展覧会,経済,展覧,会,,,,,,,,,,,,,,,,,
高度国防経済展覧会　経済と海軍力展覧会,国防,経済,展覧,会,経済,海軍,力,展覧,会,,,,,,,,,,,
皇国敬神大会,皇国,敬神,大会,,,,,,,,,,,,,,,,,
支那事変四周年記念行事要項,支那,事変,記念,行事,要項,,,,,,,,,,,,,,,
つゝしみの日　三月二十一日大火災記念日,しみ,日,火災,記念,日,,,,,,,,,,,,,,,
市会議員総選挙　誓って正しく必ず投票,市会,議員,選挙,投票,,,,,,,,,,,,,,,,
紀元二千六百年記念　全国児童愛護運動,紀元,記念,全国,児童,愛護,運動,,,,,,,,,,,,,,
大東亜戦争完遂のため！　土地建物等を売れば,東亜,戦争,完遂,ため,土地,建物,等,,,,,,,,,,,,,
軍人援護強化運動,軍人,援護,強化,運動,,,,,,,,,,,,,,,,
ファンのお正月はこれから絶対豪華陣!!!　20日より　人肌観音　椿姫,ファン,正月,絶対,豪華,陣,人肌,観音,椿姫,,,,,,,,,,,,
銃後奉公強化運動,銃後,奉公,強化,運動,,,,,,,,,,,,,,,,
軍人援護強化運動,軍人,援護,強化,運動,,,,,,,,,,,,,,,,
支那事変二周年記念日,支那,事変,記念,日,,,,,,,,,,,,,,,,
大火災十周年記念日,火災,記念,日,,,,,,,,,,,,,,,,,
HAKODATE CITY CENTRAL LIBRARY　本に逢いに行こう。,HAKODATE,CITY,CENTRAL,LIBRARY,本,,,,,,,,,,,,,,,
さくらまつり,さくら,まつり,,,,,,,,,,,,,,,,,,
第3回函館山市民ハイキング大会,函館,山,市民,ハイキング,大会,,,,,,,,,,,,,,,
第5回函館山市民ハイキング大会,函館,山,市民,ハイキング,大会,,,,,,,,,,,,,,,
第6回函館山市民ハイキング大会,函館,山,市民,ハイキング,大会,,,,,,,,,,,,,,,
第9回函館山市民ハイキング大会,函館,山,市民,ハイキング,大会,,,,,,,,,,,,,,,
第13回函館山市民ハイキング大会,函館,山,市民,ハイキング,大会,,,,,,,,,,,,,,,
昭和25年　国勢調査　十月一日,昭和,国勢,調査,,,,,,,,,,,,,,,,,
昭和二十五年　十月一日　国勢調査,昭和,国勢,調査,,,,,,,,,,,,,,,,,
昭和二十六年　北海道常任人口調査,昭和,北海道,常任,人口,調査,,,,,,,,,,,,,,,
職業訓練生製作品展示即売会,職業,訓練,生,製,作品,展示,即売,会,,,,,,,,,,,,
第9回黒船祭,黒船,祭,,,,,,,,,,,,,,,,,,
ひらり　花の数ほどの出逢い。　HAKODATE,花,数,HAKODATE,,,,,,,,,,,,,,,,,
函館　HAKODATE　この胸いっぱいに、潮風の想い出。「函館」。,函館,HAKODATE,胸,いっぱい,潮風,想い出,函館,,,,,,,,,,,,,
はこだて　冬も、いいね。HAKODATE,冬,HAKODATE,,,,,,,,,,,,,,,,,,
函館　また、いこう。　HAKODATE,函館,HAKODATE,,,,,,,,,,,,,,,,,,
ROMANTIC　HAKODATE　函館　星のように、雪。,ROMANTIC,HAKODATE,函館,星,雪,,,,,,,,,,,,,,,
ROMANTIC　HAKODATE　函館　幻のように、港。,ROMANTIC,HAKODATE,函館,幻,港,,,,,,,,,,,,,,,
HAKODATE　新しい「函館」が動き出す。,HAKODATE,函館,,,,,,,,,,,,,,,,,,
HAKODATE　新しい「函館」が花開く。,HAKODATE,函館,,,,,,,,,,,,,,,,,,
きらり　星の数ほどの情緒。　HAKODATE,星,数,情緒,HAKODATE,,,,,,,,,,,,,,,,
HAKODATE　朝もやの教会、雪の坂道。幼い日の記憶…函館。,HAKODATE,朝もや,教会,雪,坂道,日,記憶,函館,,,,,,,,,,,,
HAKODATE　いつか来た夕暮れの石畳。懐かしさ抱え、歩く・・・函館。,HAKODATE,夕暮れ,石畳,さ,函館,,,,,,,,,,,,,,,
函館　うみのにおい。,函館,うみ,におい,,,,,,,,,,,,,,,,,
函館　ゆきのにおい。,函館,ゆき,におい,,,,,,,,,,,,,,,,,
Hakodate,Hakodate,,,,,,,,,,,,,,,,,,,
Hakodate,Hakodate,,,,,,,,,,,,,,,,,,,